surname,name,fullname,gender
Fan,De Hua,Fan De Hua,M
Zhao,De Hua,Zhao De Hua,M
Liu,De Hua,Liu De Hua,M
Sun,De Hua,Sun De Hua,M
Huang,De Hua,Huang De Hua,M
Tan,De Hua,Tan De Hua,M
Li,De Hua,Li De Hua,M
Zhou,De Hua,Zhou De Hua,M
Yang,De Hua,Yang De Hua,M
Wang,De Hua,Wang De Hua,M
Song,De Hua,Song De Hua,M
Zheng,De Hua,Zheng De Hua,M
Ou Yang,De Hua,Ou Yang De Hua,M
Bai,De Hua,Bai De Hua,M
Wu,De Hua,Wu De Hua,M
Chen,De Hua,Chen De Hua,M
Hu,De Hua,Hu De Hua,M
Fan,Liang Wei,Fan Liang Wei,M
Zhao,Liang Wei,Zhao Liang Wei,M
Liu,Liang Wei,Liu Liang Wei,M
Sun,Liang Wei,Sun Liang Wei,M
Huang,Liang Wei,Huang Liang Wei,M
Tan,Liang Wei,Tan Liang Wei,M
Li,Liang Wei,Li Liang Wei,M
Zhou,Liang Wei,Zhou Liang Wei,M
Yang,Liang Wei,Yang Liang Wei,M
Wang,Liang Wei,Wang Liang Wei,M
Song,Liang Wei,Song Liang Wei,M
Zheng,Liang Wei,Zheng Liang Wei,M
Ou Yang,Liang Wei,Ou Yang Liang Wei,M
Bai,Liang Wei,Bai Liang Wei,M
Wu,Liang Wei,Wu Liang Wei,M
Chen,Liang Wei,Chen Liang Wei,M
Hu,Liang Wei,Hu Liang Wei,M
Fan,Xiao Dong,Fan Xiao Dong,M
Zhao,Xiao Dong,Zhao Xiao Dong,M
Liu,Xiao Dong,Liu Xiao Dong,M
Sun,Xiao Dong,Sun Xiao Dong,M
Huang,Xiao Dong,Huang Xiao Dong,M
Tan,Xiao Dong,Tan Xiao Dong,M
Li,Xiao Dong,Li Xiao Dong,M
Zhou,Xiao Dong,Zhou Xiao Dong,M
Yang,Xiao Dong,Yang Xiao Dong,M
Wang,Xiao Dong,Wang Xiao Dong,M
Song,Xiao Dong,Song Xiao Dong,M
Zheng,Xiao Dong,Zheng Xiao Dong,M
Ou Yang,Xiao Dong,Ou Yang Xiao Dong,M
Bai,Xiao Dong,Bai Xiao Dong,M
Wu,Xiao Dong,Wu Xiao Dong,M
Chen,Xiao Dong,Chen Xiao Dong,M
Hu,Xiao Dong,Hu Xiao Dong,M
Fan,Xiao Peng,Fan Xiao Peng,M
Zhao,Xiao Peng,Zhao Xiao Peng,M
Liu,Xiao Peng,Liu Xiao Peng,M
Sun,Xiao Peng,Sun Xiao Peng,M
Huang,Xiao Peng,Huang Xiao Peng,M
Tan,Xiao Peng,Tan Xiao Peng,M
Li,Xiao Peng,Li Xiao Peng,M
Zhou,Xiao Peng,Zhou Xiao Peng,M
Yang,Xiao Peng,Yang Xiao Peng,M
Wang,Xiao Peng,Wang Xiao Peng,M
Song,Xiao Peng,Song Xiao Peng,M
Zheng,Xiao Peng,Zheng Xiao Peng,M
Ou Yang,Xiao Peng,Ou Yang Xiao Peng,M
Bai,Xiao Peng,Bai Xiao Peng,M
Wu,Xiao Peng,Wu Xiao Peng,M
Chen,Xiao Peng,Chen Xiao Peng,M
Hu,Xiao Peng,Hu Xiao Peng,M
Fan,Yuan Xi,Fan Yuan Xi,M
Zhao,Yuan Xi,Zhao Yuan Xi,M
Liu,Yuan Xi,Liu Yuan Xi,M
Sun,Yuan Xi,Sun Yuan Xi,M
Huang,Yuan Xi,Huang Yuan Xi,M
Tan,Yuan Xi,Tan Yuan Xi,M
Li,Yuan Xi,Li Yuan Xi,M
Zhou,Yuan Xi,Zhou Yuan Xi,M
Yang,Yuan Xi,Yang Yuan Xi,M
Wang,Yuan Xi,Wang Yuan Xi,M
Song,Yuan Xi,Song Yuan Xi,M
Zheng,Yuan Xi,Zheng Yuan Xi,M
Ou Yang,Yuan Xi,Ou Yang Yuan Xi,M
Bai,Yuan Xi,Bai Yuan Xi,M
Wu,Yuan Xi,Wu Yuan Xi,M
Chen,Yuan Xi,Chen Yuan Xi,M
Hu,Yuan Xi,Hu Yuan Xi,M
Fan,Yi Bo,Fan Yi Bo,M
Zhao,Yi Bo,Zhao Yi Bo,M
Liu,Yi Bo,Liu Yi Bo,M
Sun,Yi Bo,Sun Yi Bo,M
Huang,Yi Bo,Huang Yi Bo,M
Tan,Yi Bo,Tan Yi Bo,M
Li,Yi Bo,Li Yi Bo,M
Zhou,Yi Bo,Zhou Yi Bo,M
Yang,Yi Bo,Yang Yi Bo,M
Wang,Yi Bo,Wang Yi Bo,M
Song,Yi Bo,Song Yi Bo,M
Zheng,Yi Bo,Zheng Yi Bo,M
Ou Yang,Yi Bo,Ou Yang Yi Bo,M
Bai,Yi Bo,Bai Yi Bo,M
Wu,Yi Bo,Wu Yi Bo,M
Chen,Yi Bo,Chen Yi Bo,M
Hu,Yi Bo,Hu Yi Bo,M
Fan,Jia Lun,Fan Jia Lun,M
Zhao,Jia Lun,Zhao Jia Lun,M
Liu,Jia Lun,Liu Jia Lun,M
Sun,Jia Lun,Sun Jia Lun,M
Huang,Jia Lun,Huang Jia Lun,M
Tan,Jia Lun,Tan Jia Lun,M
Li,Jia Lun,Li Jia Lun,M
Zhou,Jia Lun,Zhou Jia Lun,M
Yang,Jia Lun,Yang Jia Lun,M
Wang,Jia Lun,Wang Jia Lun,M
Song,Jia Lun,Song Jia Lun,M
Zheng,Jia Lun,Zheng Jia Lun,M
Ou Yang,Jia Lun,Ou Yang Jia Lun,M
Bai,Jia Lun,Bai Jia Lun,M
Wu,Jia Lun,Wu Jia Lun,M
Chen,Jia Lun,Chen Jia Lun,M
Hu,Jia Lun,Hu Jia Lun,M
Fan,Jing Ting,Fan Jing Ting,M
Zhao,Jing Ting,Zhao Jing Ting,M
Liu,Jing Ting,Liu Jing Ting,M
Sun,Jing Ting,Sun Jing Ting,M
Huang,Jing Ting,Huang Jing Ting,M
Tan,Jing Ting,Tan Jing Ting,M
Li,Jing Ting,Li Jing Ting,M
Zhou,Jing Ting,Zhou Jing Ting,M
Yang,Jing Ting,Yang Jing Ting,M
Wang,Jing Ting,Wang Jing Ting,M
Song,Jing Ting,Song Jing Ting,M
Zheng,Jing Ting,Zheng Jing Ting,M
Ou Yang,Jing Ting,Ou Yang Jing Ting,M
Bai,Jing Ting,Bai Jing Ting,M
Wu,Jing Ting,Wu Jing Ting,M
Chen,Jing Ting,Chen Jing Ting,M
Hu,Jing Ting,Hu Jing Ting,M
Fan,Yi Feng,Fan Yi Feng,M
Zhao,Yi Feng,Zhao Yi Feng,M
Liu,Yi Feng,Liu Yi Feng,M
Sun,Yi Feng,Sun Yi Feng,M
Huang,Yi Feng,Huang Yi Feng,M
Tan,Yi Feng,Tan Yi Feng,M
Li,Yi Feng,Li Yi Feng,M
Zhou,Yi Feng,Zhou Yi Feng,M
Yang,Yi Feng,Yang Yi Feng,M
Wang,Yi Feng,Wang Yi Feng,M
Song,Yi Feng,Song Yi Feng,M
Zheng,Yi Feng,Zheng Yi Feng,M
Ou Yang,Yi Feng,Ou Yang Yi Feng,M
Bai,Yi Feng,Bai Yi Feng,M
Wu,Yi Feng,Wu Yi Feng,M
Chen,Yi Feng,Chen Yi Feng,M
Hu,Yi Feng,Hu Yi Feng,M
Fan,Yang,Fan Yang,M
Zhao,Yang,Zhao Yang,M
Liu,Yang,Liu Yang,M
Sun,Yang,Sun Yang,M
Huang,Yang,Huang Yang,M
Tan,Yang,Tan Yang,M
Li,Yang,Li Yang,M
Zhou,Yang,Zhou Yang,M
Yang,Yang,Yang Yang,M
Wang,Yang,Wang Yang,M
Song,Yang,Song Yang,M
Zheng,Yang,Zheng Yang,M
Ou Yang,Yang,Ou Yang Yang,M
Bai,Yang,Bai Yang,M
Wu,Yang,Wu Yang,M
Chen,Yang,Chen Yang,M
Hu,Yang,Hu Yang,M
Fan,Yan Zu,Fan Yan Zu,M
Zhao,Yan Zu,Zhao Yan Zu,M
Liu,Yan Zu,Liu Yan Zu,M
Sun,Yan Zu,Sun Yan Zu,M
Huang,Yan Zu,Huang Yan Zu,M
Tan,Yan Zu,Tan Yan Zu,M
Li,Yan Zu,Li Yan Zu,M
Zhou,Yan Zu,Zhou Yan Zu,M
Yang,Yan Zu,Yang Yan Zu,M
Wang,Yan Zu,Wang Yan Zu,M
Song,Yan Zu,Song Yan Zu,M
Zheng,Yan Zu,Zheng Yan Zu,M
Ou Yang,Yan Zu,Ou Yang Yan Zu,M
Bai,Yan Zu,Bai Yan Zu,M
Wu,Yan Zu,Wu Yan Zu,M
Chen,Yan Zu,Chen Yan Zu,M
Hu,Yan Zu,Hu Yan Zu,M
Fan,Hong Yi,Fan Hong Yi,M
Zhao,Hong Yi,Zhao Hong Yi,M
Liu,Hong Yi,Liu Hong Yi,M
Sun,Hong Yi,Sun Hong Yi,M
Huang,Hong Yi,Huang Hong Yi,M
Tan,Hong Yi,Tan Hong Yi,M
Li,Hong Yi,Li Hong Yi,M
Zhou,Hong Yi,Zhou Hong Yi,M
Yang,Hong Yi,Yang Hong Yi,M
Wang,Hong Yi,Wang Hong Yi,M
Song,Hong Yi,Song Hong Yi,M
Zheng,Hong Yi,Zheng Hong Yi,M
Ou Yang,Hong Yi,Ou Yang Hong Yi,M
Bai,Hong Yi,Bai Hong Yi,M
Wu,Hong Yi,Wu Hong Yi,M
Chen,Hong Yi,Chen Hong Yi,M
Hu,Hong Yi,Hu Hong Yi,M
Fan,Kun,Fan Kun,M
Zhao,Kun,Zhao Kun,M
Liu,Kun,Liu Kun,M
Sun,Kun,Sun Kun,M
Huang,Kun,Huang Kun,M
Tan,Kun,Tan Kun,M
Li,Kun,Li Kun,M
Zhou,Kun,Zhou Kun,M
Yang,Kun,Yang Kun,M
Wang,Kun,Wang Kun,M
Song,Kun,Song Kun,M
Zheng,Kun,Zheng Kun,M
Ou Yang,Kun,Ou Yang Kun,M
Bai,Kun,Bai Kun,M
Wu,Kun,Wu Kun,M
Chen,Kun,Chen Kun,M
Hu,Kun,Hu Kun,M
Fan,Yi Long,Fan Yi Long,M
Zhao,Yi Long,Zhao Yi Long,M
Liu,Yi Long,Liu Yi Long,M
Sun,Yi Long,Sun Yi Long,M
Huang,Yi Long,Huang Yi Long,M
Tan,Yi Long,Tan Yi Long,M
Li,Yi Long,Li Yi Long,M
Zhou,Yi Long,Zhou Yi Long,M
Yang,Yi Long,Yang Yi Long,M
Wang,Yi Long,Wang Yi Long,M
Song,Yi Long,Song Yi Long,M
Zheng,Yi Long,Zheng Yi Long,M
Ou Yang,Yi Long,Ou Yang Yi Long,M
Bai,Yi Long,Bai Yi Long,M
Wu,Yi Long,Wu Yi Long,M
Chen,Yi Long,Chen Yi Long,M
Hu,Yi Long,Hu Yi Long,M
Fan,Ting Feng,Fan Ting Feng,M
Zhao,Ting Feng,Zhao Ting Feng,M
Liu,Ting Feng,Liu Ting Feng,M
Sun,Ting Feng,Sun Ting Feng,M
Huang,Ting Feng,Huang Ting Feng,M
Tan,Ting Feng,Tan Ting Feng,M
Li,Ting Feng,Li Ting Feng,M
Zhou,Ting Feng,Zhou Ting Feng,M
Yang,Ting Feng,Yang Ting Feng,M
Wang,Ting Feng,Wang Ting Feng,M
Song,Ting Feng,Song Ting Feng,M
Zheng,Ting Feng,Zheng Ting Feng,M
Ou Yang,Ting Feng,Ou Yang Ting Feng,M
Bai,Ting Feng,Bai Ting Feng,M
Wu,Ting Feng,Wu Ting Feng,M
Chen,Ting Feng,Chen Ting Feng,M
Hu,Ting Feng,Hu Ting Feng,M
Fan,Xue Yi,Fan Xue Yi,M
Zhao,Xue Yi,Zhao Xue Yi,M
Liu,Xue Yi,Liu Xue Yi,M
Sun,Xue Yi,Sun Xue Yi,M
Huang,Xue Yi,Huang Xue Yi,M
Tan,Xue Yi,Tan Xue Yi,M
Li,Xue Yi,Li Xue Yi,M
Zhou,Xue Yi,Zhou Xue Yi,M
Yang,Xue Yi,Yang Xue Yi,M
Wang,Xue Yi,Wang Xue Yi,M
Song,Xue Yi,Song Xue Yi,M
Zheng,Xue Yi,Zheng Xue Yi,M
Ou Yang,Xue Yi,Ou Yang Xue Yi,M
Bai,Xue Yi,Bai Xue Yi,M
Wu,Xue Yi,Wu Xue Yi,M
Chen,Xue Yi,Chen Xue Yi,M
Hu,Xue Yi,Hu Xue Yi,M
Fan,Dao Ming,Fan Dao Ming,M
Zhao,Dao Ming,Zhao Dao Ming,M
Liu,Dao Ming,Liu Dao Ming,M
Sun,Dao Ming,Sun Dao Ming,M
Huang,Dao Ming,Huang Dao Ming,M
Tan,Dao Ming,Tan Dao Ming,M
Li,Dao Ming,Li Dao Ming,M
Zhou,Dao Ming,Zhou Dao Ming,M
Yang,Dao Ming,Yang Dao Ming,M
Wang,Dao Ming,Wang Dao Ming,M
Song,Dao Ming,Song Dao Ming,M
Zheng,Dao Ming,Zheng Dao Ming,M
Ou Yang,Dao Ming,Ou Yang Dao Ming,M
Bai,Dao Ming,Bai Dao Ming,M
Wu,Dao Ming,Wu Dao Ming,M
Chen,Dao Ming,Chen Dao Ming,M
Hu,Dao Ming,Hu Dao Ming,M
Fan,Da Ming,Fan Da Ming,M
Zhao,Da Ming,Zhao Da Ming,M
Liu,Da Ming,Liu Da Ming,M
Sun,Da Ming,Sun Da Ming,M
Huang,Da Ming,Huang Da Ming,M
Tan,Da Ming,Tan Da Ming,M
Li,Da Ming,Li Da Ming,M
Zhou,Da Ming,Zhou Da Ming,M
Yang,Da Ming,Yang Da Ming,M
Wang,Da Ming,Wang Da Ming,M
Song,Da Ming,Song Da Ming,M
Zheng,Da Ming,Zheng Da Ming,M
Ou Yang,Da Ming,Ou Yang Da Ming,M
Bai,Da Ming,Bai Da Ming,M
Wu,Da Ming,Wu Da Ming,M
Chen,Da Ming,Chen Da Ming,M
Hu,Da Ming,Hu Da Ming,M
Fan,Yu Xi,Fan Yu Xi,M
Zhao,Yu Xi,Zhao Yu Xi,M
Liu,Yu Xi,Liu Yu Xi,M
Sun,Yu Xi,Sun Yu Xi,M
Huang,Yu Xi,Huang Yu Xi,M
Tan,Yu Xi,Tan Yu Xi,M
Li,Yu Xi,Li Yu Xi,M
Zhou,Yu Xi,Zhou Yu Xi,M
Yang,Yu Xi,Yang Yu Xi,M
Wang,Yu Xi,Wang Yu Xi,M
Song,Yu Xi,Song Yu Xi,M
Zheng,Yu Xi,Zheng Yu Xi,M
Ou Yang,Yu Xi,Ou Yang Yu Xi,M
Bai,Yu Xi,Bai Yu Xi,M
Wu,Yu Xi,Wu Yu Xi,M
Chen,Yu Xi,Chen Yu Xi,M
Hu,Yu Xi,Hu Yu Xi,M
Fan,Yi Tian,Fan Yi Tian,M
Zhao,Yi Tian,Zhao Yi Tian,M
Liu,Yi Tian,Liu Yi Tian,M
Sun,Yi Tian,Sun Yi Tian,M
Huang,Yi Tian,Huang Yi Tian,M
Tan,Yi Tian,Tan Yi Tian,M
Li,Yi Tian,Li Yi Tian,M
Zhou,Yi Tian,Zhou Yi Tian,M
Yang,Yi Tian,Yang Yi Tian,M
Wang,Yi Tian,Wang Yi Tian,M
Song,Yi Tian,Song Yi Tian,M
Zheng,Yi Tian,Zheng Yi Tian,M
Ou Yang,Yi Tian,Ou Yang Yi Tian,M
Bai,Yi Tian,Bai Yi Tian,M
Wu,Yi Tian,Wu Yi Tian,M
Chen,Yi Tian,Chen Yi Tian,M
Hu,Yi Tian,Hu Yi Tian,M
Fan,Wei Ting,Fan Wei Ting,M
Zhao,Wei Ting,Zhao Wei Ting,M
Liu,Wei Ting,Liu Wei Ting,M
Sun,Wei Ting,Sun Wei Ting,M
Huang,Wei Ting,Huang Wei Ting,M
Tan,Wei Ting,Tan Wei Ting,M
Li,Wei Ting,Li Wei Ting,M
Zhou,Wei Ting,Zhou Wei Ting,M
Yang,Wei Ting,Yang Wei Ting,M
Wang,Wei Ting,Wang Wei Ting,M
Song,Wei Ting,Song Wei Ting,M
Zheng,Wei Ting,Zheng Wei Ting,M
Ou Yang,Wei Ting,Ou Yang Wei Ting,M
Bai,Wei Ting,Bai Wei Ting,M
Wu,Wei Ting,Wu Wei Ting,M
Chen,Wei Ting,Chen Wei Ting,M
Hu,Wei Ting,Hu Wei Ting,M
Fan,Kai Cheng,Fan Kai Cheng,M
Zhao,Kai Cheng,Zhao Kai Cheng,M
Liu,Kai Cheng,Liu Kai Cheng,M
Sun,Kai Cheng,Sun Kai Cheng,M
Huang,Kai Cheng,Huang Kai Cheng,M
Tan,Kai Cheng,Tan Kai Cheng,M
Li,Kai Cheng,Li Kai Cheng,M
Zhou,Kai Cheng,Zhou Kai Cheng,M
Yang,Kai Cheng,Yang Kai Cheng,M
Wang,Kai Cheng,Wang Kai Cheng,M
Song,Kai Cheng,Song Kai Cheng,M
Zheng,Kai Cheng,Zheng Kai Cheng,M
Ou Yang,Kai Cheng,Ou Yang Kai Cheng,M
Bai,Kai Cheng,Bai Kai Cheng,M
Wu,Kai Cheng,Wu Kai Cheng,M
Chen,Kai Cheng,Chen Kai Cheng,M
Hu,Kai Cheng,Hu Kai Cheng,M
Fan,Zhong Ze,Fan Zhong Ze,M
Zhao,Zhong Ze,Zhao Zhong Ze,M
Liu,Zhong Ze,Liu Zhong Ze,M
Sun,Zhong Ze,Sun Zhong Ze,M
Huang,Zhong Ze,Huang Zhong Ze,M
Tan,Zhong Ze,Tan Zhong Ze,M
Li,Zhong Ze,Li Zhong Ze,M
Zhou,Zhong Ze,Zhou Zhong Ze,M
Yang,Zhong Ze,Yang Zhong Ze,M
Wang,Zhong Ze,Wang Zhong Ze,M
Song,Zhong Ze,Song Zhong Ze,M
Zheng,Zhong Ze,Zheng Zhong Ze,M
Ou Yang,Zhong Ze,Ou Yang Zhong Ze,M
Bai,Zhong Ze,Bai Zhong Ze,M
Wu,Zhong Ze,Wu Zhong Ze,M
Chen,Zhong Ze,Chen Zhong Ze,M
Hu,Zhong Ze,Hu Zhong Ze,M
Fan,Jun Jie,Fan Jun Jie,M
Zhao,Jun Jie,Zhao Jun Jie,M
Liu,Jun Jie,Liu Jun Jie,M
Sun,Jun Jie,Sun Jun Jie,M
Huang,Jun Jie,Huang Jun Jie,M
Tan,Jun Jie,Tan Jun Jie,M
Li,Jun Jie,Li Jun Jie,M
Zhou,Jun Jie,Zhou Jun Jie,M
Yang,Jun Jie,Yang Jun Jie,M
Wang,Jun Jie,Wang Jun Jie,M
Song,Jun Jie,Song Jun Jie,M
Zheng,Jun Jie,Zheng Jun Jie,M
Ou Yang,Jun Jie,Ou Yang Jun Jie,M
Bai,Jun Jie,Bai Jun Jie,M
Wu,Jun Jie,Wu Jun Jie,M
Chen,Jun Jie,Chen Jun Jie,M
Hu,Jun Jie,Hu Jun Jie,M
Fan,Xin Cheng,Fan Xin Cheng,M
Zhao,Xin Cheng,Zhao Xin Cheng,M
Liu,Xin Cheng,Liu Xin Cheng,M
Sun,Xin Cheng,Sun Xin Cheng,M
Huang,Xin Cheng,Huang Xin Cheng,M
Tan,Xin Cheng,Tan Xin Cheng,M
Li,Xin Cheng,Li Xin Cheng,M
Zhou,Xin Cheng,Zhou Xin Cheng,M
Yang,Xin Cheng,Yang Xin Cheng,M
Wang,Xin Cheng,Wang Xin Cheng,M
Song,Xin Cheng,Song Xin Cheng,M
Zheng,Xin Cheng,Zheng Xin Cheng,M
Ou Yang,Xin Cheng,Ou Yang Xin Cheng,M
Bai,Xin Cheng,Bai Xin Cheng,M
Wu,Xin Cheng,Wu Xin Cheng,M
Chen,Xin Cheng,Chen Xin Cheng,M
Hu,Xin Cheng,Hu Xin Cheng,M
Fan,Bing Bing,Fan Bing Bing,F
Zhao,Bing Bing,Zhao Bing Bing,F
Liu,Bing Bing,Liu Bing Bing,F
Sun,Bing Bing,Sun Bing Bing,F
Huang,Bing Bing,Huang Bing Bing,F
Tan,Bing Bing,Tan Bing Bing,F
Li,Bing Bing,Li Bing Bing,F
Zhou,Bing Bing,Zhou Bing Bing,F
Yang,Bing Bing,Yang Bing Bing,F
Wang,Bing Bing,Wang Bing Bing,F
Song,Bing Bing,Song Bing Bing,F
Zheng,Bing Bing,Zheng Bing Bing,F
Ou Yang,Bing Bing,Ou Yang Bing Bing,F
Bai,Bing Bing,Bai Bing Bing,F
Wu,Bing Bing,Wu Bing Bing,F
Chen,Bing Bing,Chen Bing Bing,F
Hu,Bing Bing,Hu Bing Bing,F
Fan,Li Ying,Fan Li Ying,F
Zhao,Li Ying,Zhao Li Ying,F
Liu,Li Ying,Liu Li Ying,F
Sun,Li Ying,Sun Li Ying,F
Huang,Li Ying,Huang Li Ying,F
Tan,Li Ying,Tan Li Ying,F
Li,Li Ying,Li Li Ying,F
Zhou,Li Ying,Zhou Li Ying,F
Yang,Li Ying,Yang Li Ying,F
Wang,Li Ying,Wang Li Ying,F
Song,Li Ying,Song Li Ying,F
Zheng,Li Ying,Zheng Li Ying,F
Ou Yang,Li Ying,Ou Yang Li Ying,F
Bai,Li Ying,Bai Li Ying,F
Wu,Li Ying,Wu Li Ying,F
Chen,Li Ying,Chen Li Ying,F
Hu,Li Ying,Hu Li Ying,F
Fan,Shi Shi,Fan Shi Shi,F
Zhao,Shi Shi,Zhao Shi Shi,F
Liu,Shi Shi,Liu Shi Shi,F
Sun,Shi Shi,Sun Shi Shi,F
Huang,Shi Shi,Huang Shi Shi,F
Tan,Shi Shi,Tan Shi Shi,F
Li,Shi Shi,Li Shi Shi,F
Zhou,Shi Shi,Zhou Shi Shi,F
Yang,Shi Shi,Yang Shi Shi,F
Wang,Shi Shi,Wang Shi Shi,F
Song,Shi Shi,Song Shi Shi,F
Zheng,Shi Shi,Zheng Shi Shi,F
Ou Yang,Shi Shi,Ou Yang Shi Shi,F
Bai,Shi Shi,Bai Shi Shi,F
Wu,Shi Shi,Wu Shi Shi,F
Chen,Shi Shi,Chen Shi Shi,F
Hu,Shi Shi,Hu Shi Shi,F
Fan,Bai Lu,Fan Bai Lu,F
Zhao,Bai Lu,Zhao Bai Lu,F
Liu,Bai Lu,Liu Bai Lu,F
Sun,Bai Lu,Sun Bai Lu,F
Huang,Bai Lu,Huang Bai Lu,F
Tan,Bai Lu,Tan Bai Lu,F
Li,Bai Lu,Li Bai Lu,F
Zhou,Bai Lu,Zhou Bai Lu,F
Yang,Bai Lu,Yang Bai Lu,F
Wang,Bai Lu,Wang Bai Lu,F
Song,Bai Lu,Song Bai Lu,F
Zheng,Bai Lu,Zheng Bai Lu,F
Ou Yang,Bai Lu,Ou Yang Bai Lu,F
Bai,Bai Lu,Bai Bai Lu,F
Wu,Bai Lu,Wu Bai Lu,F
Chen,Bai Lu,Chen Bai Lu,F
Hu,Bai Lu,Hu Bai Lu,F
Fan,Lu Si,Fan Lu Si,F
Zhao,Lu Si,Zhao Lu Si,F
Liu,Lu Si,Liu Lu Si,F
Sun,Lu Si,Sun Lu Si,F
Huang,Lu Si,Huang Lu Si,F
Tan,Lu Si,Tan Lu Si,F
Li,Lu Si,Li Lu Si,F
Zhou,Lu Si,Zhou Lu Si,F
Yang,Lu Si,Yang Lu Si,F
Wang,Lu Si,Wang Lu Si,F
Song,Lu Si,Song Lu Si,F
Zheng,Lu Si,Zheng Lu Si,F
Ou Yang,Lu Si,Ou Yang Lu Si,F
Bai,Lu Si,Bai Lu Si,F
Wu,Lu Si,Wu Lu Si,F
Chen,Lu Si,Chen Lu Si,F
Hu,Lu Si,Hu Lu Si,F
Fan,Ni Ni,Fan Ni Ni,F
Zhao,Ni Ni,Zhao Ni Ni,F
Liu,Ni Ni,Liu Ni Ni,F
Sun,Ni Ni,Sun Ni Ni,F
Huang,Ni Ni,Huang Ni Ni,F
Tan,Ni Ni,Tan Ni Ni,F
Li,Ni Ni,Li Ni Ni,F
Zhou,Ni Ni,Zhou Ni Ni,F
Yang,Ni Ni,Yang Ni Ni,F
Wang,Ni Ni,Wang Ni Ni,F
Song,Ni Ni,Song Ni Ni,F
Zheng,Ni Ni,Zheng Ni Ni,F
Ou Yang,Ni Ni,Ou Yang Ni Ni,F
Bai,Ni Ni,Bai Ni Ni,F
Wu,Ni Ni,Wu Ni Ni,F
Chen,Ni Ni,Chen Ni Ni,F
Hu,Ni Ni,Hu Ni Ni,F
Fan,Qing,Fan Qing,F
Zhao,Qing,Zhao Qing,F
Liu,Qing,Liu Qing,F
Sun,Qing,Sun Qing,F
Huang,Qing,Huang Qing,F
Tan,Qing,Tan Qing,F
Li,Qing,Li Qing,F
Zhou,Qing,Zhou Qing,F
Yang,Qing,Yang Qing,F
Wang,Qing,Wang Qing,F
Song,Qing,Song Qing,F
Zheng,Qing,Zheng Qing,F
Ou Yang,Qing,Ou Yang Qing,F
Bai,Qing,Bai Qing,F
Wu,Qing,Wu Qing,F
Chen,Qing,Chen Qing,F
Hu,Qing,Hu Qing,F
Fan,Shi Chun,Fan Shi Chun,F
Zhao,Shi Chun,Zhao Shi Chun,F
Liu,Shi Chun,Liu Shi Chun,F
Sun,Shi Chun,Sun Shi Chun,F
Huang,Shi Chun,Huang Shi Chun,F
Tan,Shi Chun,Tan Shi Chun,F
Li,Shi Chun,Li Shi Chun,F
Zhou,Shi Chun,Zhou Shi Chun,F
Yang,Shi Chun,Yang Shi Chun,F
Wang,Shi Chun,Wang Shi Chun,F
Song,Shi Chun,Song Shi Chun,F
Zheng,Shi Chun,Zheng Shi Chun,F
Ou Yang,Shi Chun,Ou Yang Shi Chun,F
Bai,Shi Chun,Bai Shi Chun,F
Wu,Shi Chun,Wu Shi Chun,F
Chen,Shi Chun,Chen Shi Chun,F
Hu,Shi Chun,Hu Shi Chun,F
Fan,Fei Fei,Fan Fei Fei,F
Zhao,Fei Fei,Zhao Fei Fei,F
Liu,Fei Fei,Liu Fei Fei,F
Sun,Fei Fei,Sun Fei Fei,F
Huang,Fei Fei,Huang Fei Fei,F
Tan,Fei Fei,Tan Fei Fei,F
Li,Fei Fei,Li Fei Fei,F
Zhou,Fei Fei,Zhou Fei Fei,F
Yang,Fei Fei,Yang Fei Fei,F
Wang,Fei Fei,Wang Fei Fei,F
Song,Fei Fei,Song Fei Fei,F
Zheng,Fei Fei,Zheng Fei Fei,F
Ou Yang,Fei Fei,Ou Yang Fei Fei,F
Bai,Fei Fei,Bai Fei Fei,F
Wu,Fei Fei,Wu Fei Fei,F
Chen,Fei Fei,Chen Fei Fei,F
Hu,Fei Fei,Hu Fei Fei,F
Fan,Song Yi,Fan Song Yi,F
Zhao,Song Yi,Zhao Song Yi,F
Liu,Song Yi,Liu Song Yi,F
Sun,Song Yi,Sun Song Yi,F
Huang,Song Yi,Huang Song Yi,F
Tan,Song Yi,Tan Song Yi,F
Li,Song Yi,Li Song Yi,F
Zhou,Song Yi,Zhou Song Yi,F
Yang,Song Yi,Yang Song Yi,F
Wang,Song Yi,Wang Song Yi,F
Song,Song Yi,Song Song Yi,F
Zheng,Song Yi,Zheng Song Yi,F
Ou Yang,Song Yi,Ou Yang Song Yi,F
Bai,Song Yi,Bai Song Yi,F
Wu,Song Yi,Wu Song Yi,F
Chen,Song Yi,Chen Song Yi,F
Hu,Song Yi,Hu Song Yi,F
Fan,Yi Tong,Fan Yi Tong,F
Zhao,Yi Tong,Zhao Yi Tong,F
Liu,Yi Tong,Liu Yi Tong,F
Sun,Yi Tong,Sun Yi Tong,F
Huang,Yi Tong,Huang Yi Tong,F
Tan,Yi Tong,Tan Yi Tong,F
Li,Yi Tong,Li Yi Tong,F
Zhou,Yi Tong,Zhou Yi Tong,F
Yang,Yi Tong,Yang Yi Tong,F
Wang,Yi Tong,Wang Yi Tong,F
Song,Yi Tong,Song Yi Tong,F
Zheng,Yi Tong,Zheng Yi Tong,F
Ou Yang,Yi Tong,Ou Yang Yi Tong,F
Bai,Yi Tong,Bai Yi Tong,F
Wu,Yi Tong,Wu Yi Tong,F
Chen,Yi Tong,Chen Yi Tong,F
Hu,Yi Tong,Hu Yi Tong,F
Fan,Dong Yu,Fan Dong Yu,F
Zhao,Dong Yu,Zhao Dong Yu,F
Liu,Dong Yu,Liu Dong Yu,F
Sun,Dong Yu,Sun Dong Yu,F
Huang,Dong Yu,Huang Dong Yu,F
Tan,Dong Yu,Tan Dong Yu,F
Li,Dong Yu,Li Dong Yu,F
Zhou,Dong Yu,Zhou Dong Yu,F
Yang,Dong Yu,Yang Dong Yu,F
Wang,Dong Yu,Wang Dong Yu,F
Song,Dong Yu,Song Dong Yu,F
Zheng,Dong Yu,Zheng Dong Yu,F
Ou Yang,Dong Yu,Ou Yang Dong Yu,F
Bai,Dong Yu,Bai Dong Yu,F
Wu,Dong Yu,Wu Dong Yu,F
Chen,Dong Yu,Chen Dong Yu,F
Hu,Dong Yu,Hu Dong Yu,F
Fan,Jing Jing,Fan Jing Jing,F
Zhao,Jing Jing,Zhao Jing Jing,F
Liu,Jing Jing,Liu Jing Jing,F
Sun,Jing Jing,Sun Jing Jing,F
Huang,Jing Jing,Huang Jing Jing,F
Tan,Jing Jing,Tan Jing Jing,F
Li,Jing Jing,Li Jing Jing,F
Zhou,Jing Jing,Zhou Jing Jing,F
Yang,Jing Jing,Yang Jing Jing,F
Wang,Jing Jing,Wang Jing Jing,F
Song,Jing Jing,Song Jing Jing,F
Zheng,Jing Jing,Zheng Jing Jing,F
Ou Yang,Jing Jing,Ou Yang Jing Jing,F
Bai,Jing Jing,Bai Jing Jing,F
Wu,Jing Jing,Wu Jing Jing,F
Chen,Jing Jing,Chen Jing Jing,F
Hu,Jing Jing,Hu Jing Jing,F
Fan,Xiao Xiao,Fan Xiao Xiao,F
Zhao,Xiao Xiao,Zhao Xiao Xiao,F
Liu,Xiao Xiao,Liu Xiao Xiao,F
Sun,Xiao Xiao,Sun Xiao Xiao,F
Huang,Xiao Xiao,Huang Xiao Xiao,F
Tan,Xiao Xiao,Tan Xiao Xiao,F
Li,Xiao Xiao,Li Xiao Xiao,F
Zhou,Xiao Xiao,Zhou Xiao Xiao,F
Yang,Xiao Xiao,Yang Xiao Xiao,F
Wang,Xiao Xiao,Wang Xiao Xiao,F
Song,Xiao Xiao,Song Xiao Xiao,F
Zheng,Xiao Xiao,Zheng Xiao Xiao,F
Ou Yang,Xiao Xiao,Ou Yang Xiao Xiao,F
Bai,Xiao Xiao,Bai Xiao Xiao,F
Wu,Xiao Xiao,Wu Xiao Xiao,F
Chen,Xiao Xiao,Chen Xiao Xiao,F
Hu,Xiao Xiao,Hu Xiao Xiao,F
Fan,Zi Feng,Fan Zi Feng,F
Zhao,Zi Feng,Zhao Zi Feng,F
Liu,Zi Feng,Liu Zi Feng,F
Sun,Zi Feng,Sun Zi Feng,F
Huang,Zi Feng,Huang Zi Feng,F
Tan,Zi Feng,Tan Zi Feng,F
Li,Zi Feng,Li Zi Feng,F
Zhou,Zi Feng,Zhou Zi Feng,F
Yang,Zi Feng,Yang Zi Feng,F
Wang,Zi Feng,Wang Zi Feng,F
Song,Zi Feng,Song Zi Feng,F
Zheng,Zi Feng,Zheng Zi Feng,F
Ou Yang,Zi Feng,Ou Yang Zi Feng,F
Bai,Zi Feng,Bai Zi Feng,F
Wu,Zi Feng,Wu Zi Feng,F
Chen,Zi Feng,Chen Zi Feng,F
Hu,Zi Feng,Hu Zi Feng,F
Fan,Li,Fan Li,F
Zhao,Li,Zhao Li,F
Liu,Li,Liu Li,F
Sun,Li,Sun Li,F
Huang,Li,Huang Li,F
Tan,Li,Tan Li,F
Li,Li,Li Li,F
Zhou,Li,Zhou Li,F
Yang,Li,Yang Li,F
Wang,Li,Wang Li,F
Song,Li,Song Li,F
Zheng,Li,Zheng Li,F
Ou Yang,Li,Ou Yang Li,F
Bai,Li,Bai Li,F
Wu,Li,Wu Li,F
Chen,Li,Chen Li,F
Hu,Li,Hu Li,F
Fan,Wei,Fan Wei,F
Zhao,Wei,Zhao Wei,F
Liu,Wei,Liu Wei,F
Sun,Wei,Sun Wei,F
Huang,Wei,Huang Wei,F
Tan,Wei,Tan Wei,F
Li,Wei,Li Wei,F
Zhou,Wei,Zhou Wei,F
Yang,Wei,Yang Wei,F
Wang,Wei,Wang Wei,F
Song,Wei,Song Wei,F
Zheng,Wei,Zheng Wei,F
Ou Yang,Wei,Ou Yang Wei,F
Bai,Wei,Bai Wei,F
Wu,Wei,Wu Wei,F
Chen,Wei,Chen Wei,F
Hu,Wei,Hu Wei,F
Fan,Shuang,Fan Shuang,F
Zhao,Shuang,Zhao Shuang,F
Liu,Shuang,Liu Shuang,F
Sun,Shuang,Sun Shuang,F
Huang,Shuang,Huang Shuang,F
Tan,Shuang,Tan Shuang,F
Li,Shuang,Li Shuang,F
Zhou,Shuang,Zhou Shuang,F
Yang,Shuang,Yang Shuang,F
Wang,Shuang,Wang Shuang,F
Song,Shuang,Song Shuang,F
Zheng,Shuang,Zheng Shuang,F
Ou Yang,Shuang,Ou Yang Shuang,F
Bai,Shuang,Bai Shuang,F
Wu,Shuang,Wu Shuang,F
Chen,Shuang,Chen Shuang,F
Hu,Shuang,Hu Shuang,F
Fan,Yi Fei,Fan Yi Fei,F
Zhao,Yi Fei,Zhao Yi Fei,F
Liu,Yi Fei,Liu Yi Fei,F
Sun,Yi Fei,Sun Yi Fei,F
Huang,Yi Fei,Huang Yi Fei,F
Tan,Yi Fei,Tan Yi Fei,F
Li,Yi Fei,Li Yi Fei,F
Zhou,Yi Fei,Zhou Yi Fei,F
Yang,Yi Fei,Yang Yi Fei,F
Wang,Yi Fei,Wang Yi Fei,F
Song,Yi Fei,Song Yi Fei,F
Zheng,Yi Fei,Zheng Yi Fei,F
Ou Yang,Yi Fei,Ou Yang Yi Fei,F
Bai,Yi Fei,Bai Yi Fei,F
Wu,Yi Fei,Wu Yi Fei,F
Chen,Yi Fei,Chen Yi Fei,F
Hu,Yi Fei,Hu Yi Fei,F
Fan,Yan Zi,Fan Yan Zi,F
Zhao,Yan Zi,Zhao Yan Zi,F
Liu,Yan Zi,Liu Yan Zi,F
Sun,Yan Zi,Sun Yan Zi,F
Huang,Yan Zi,Huang Yan Zi,F
Tan,Yan Zi,Tan Yan Zi,F
Li,Yan Zi,Li Yan Zi,F
Zhou,Yan Zi,Zhou Yan Zi,F
Yang,Yan Zi,Yang Yan Zi,F
Wang,Yan Zi,Wang Yan Zi,F
Song,Yan Zi,Song Yan Zi,F
Zheng,Yan Zi,Zheng Yan Zi,F
Ou Yang,Yan Zi,Ou Yang Yan Zi,F
Bai,Yan Zi,Bai Yan Zi,F
Wu,Yan Zi,Wu Yan Zi,F
Chen,Yan Zi,Chen Yan Zi,F
Hu,Yan Zi,Hu Yan Zi,F
Fan,Shuang Xi,Fan Shuang Xi,F
Zhao,Shuang Xi,Zhao Shuang Xi,F
Liu,Shuang Xi,Liu Shuang Xi,F
Sun,Shuang Xi,Sun Shuang Xi,F
Huang,Shuang Xi,Huang Shuang Xi,F
Tan,Shuang Xi,Tan Shuang Xi,F
Li,Shuang Xi,Li Shuang Xi,F
Zhou,Shuang Xi,Zhou Shuang Xi,F
Yang,Shuang Xi,Yang Shuang Xi,F
Wang,Shuang Xi,Wang Shuang Xi,F
Song,Shuang Xi,Song Shuang Xi,F
Zheng,Shuang Xi,Zheng Shuang Xi,F
Ou Yang,Shuang Xi,Ou Yang Shuang Xi,F
Bai,Shuang Xi,Bai Shuang Xi,F
Wu,Shuang Xi,Wu Shuang Xi,F
Chen,Shuang Xi,Chen Shuang Xi,F
Hu,Shuang Xi,Hu Shuang Xi,F
Fan,Mei Qi,Fan Mei Qi,F
Zhao,Mei Qi,Zhao Mei Qi,F
Liu,Mei Qi,Liu Mei Qi,F
Sun,Mei Qi,Sun Mei Qi,F
Huang,Mei Qi,Huang Mei Qi,F
Tan,Mei Qi,Tan Mei Qi,F
Li,Mei Qi,Li Mei Qi,F
Zhou,Mei Qi,Zhou Mei Qi,F
Yang,Mei Qi,Yang Mei Qi,F
Wang,Mei Qi,Wang Mei Qi,F
Song,Mei Qi,Song Mei Qi,F
Zheng,Mei Qi,Zheng Mei Qi,F
Ou Yang,Mei Qi,Ou Yang Mei Qi,F
Bai,Mei Qi,Bai Mei Qi,F
Wu,Mei Qi,Wu Mei Qi,F
Chen,Mei Qi,Chen Mei Qi,F
Hu,Mei Qi,Hu Mei Qi,F
Fan,Yu Tong,Fan Yu Tong,F
Zhao,Yu Tong,Zhao Yu Tong,F
Liu,Yu Tong,Liu Yu Tong,F
Sun,Yu Tong,Sun Yu Tong,F
Huang,Yu Tong,Huang Yu Tong,F
Tan,Yu Tong,Tan Yu Tong,F
Li,Yu Tong,Li Yu Tong,F
Zhou,Yu Tong,Zhou Yu Tong,F
Yang,Yu Tong,Yang Yu Tong,F
Wang,Yu Tong,Wang Yu Tong,F
Song,Yu Tong,Song Yu Tong,F
Zheng,Yu Tong,Zheng Yu Tong,F
Ou Yang,Yu Tong,Ou Yang Yu Tong,F
Bai,Yu Tong,Bai Yu Tong,F
Wu,Yu Tong,Wu Yu Tong,F
Chen,Yu Tong,Chen Yu Tong,F
Hu,Yu Tong,Hu Yu Tong,F
