Address,Postal
11 Woodlands Circle,738907
10 Yishun Street 11,768643
100 Bright Hill Drive,579646
2A Prince Charles Crescent,159016
31 Anchorvale Drive,544969
19 Ang Mo Kio Ave 9,569785
20 Ang Mo Kio Avenue 3,569920
16 Winstedt Road,227988
50 Barker Road,309918
51 Tampines Street 61,528565
36 Bukit Panjang Ring Road,679944
1 Bedok South Ave 2,469317
91 Bendemeer Road,339948
91 Telok Blangah Heights,109100
20 Boon Lay Drive,649930
109 Cashew Road,679676
111 Lorong Kismis,598112
18 Bukit Batok Street 21,659634
21 Admiralty Drive,757714
1 Sallim Road,387621
11 Woodlands Circle,738907
10 Yishun Street 11,768643
100 Bright Hill Drive,579646
2A Prince Charles Crescent,159016
31 Anchorvale Drive,544969
19 Ang Mo Kio Ave 9,569785
20 Ang Mo Kio Avenue 3,569920
16 Winstedt Road,227988
50 Barker Road,309918
51 Tampines Street 61,528565
36 Bukit Panjang Ring Road,679944
1 Bedok South Ave 2,469317
91 Bendemeer Road,339948
91 Telok Blangah Heights,109100
20 Boon Lay Drive,649930
109 Cashew Road,679676
111 Lorong Kismis,598112
18 Bukit Batok Street 21,659634
21 Admiralty Drive,757714
1 Sallim Road,387621
1 Cantonment Close,088256
30 Pasir Ris St 41,518935
9 Bishan Street 22,579767
15 Cedar Avenue,349700
11 Simei St 3,529896
17 Martia Road,424821
1 Bukit Teresa Road,099757
2C Burghley Drive,558979
1257 Upper Serangoon Road,534793
4 Chestnut Drive,679287
628 Lorong 1 Toa Payoh,319765
501 Ang Mo Kio Street 13,569405
170 Yishun Avenue 6,768959
1 Tampines Street 21,529392
20 Choa Chu Kang Avenue 2,689905
8 Clementi Ave 3,129903
21 Compassvale St,545091
3 Choa Chu Kang Ave 4,689814
31 Jurong West Street 24,648347
52 Bedok Reservoir Crescent,479226
11 Woodlands Circle,738907
10 Yishun Street 11,768643
100 Bright Hill Drive,579646
2A Prince Charles Crescent,159016
31 Anchorvale Drive,544969
19 Ang Mo Kio Ave 9,569785
20 Ang Mo Kio Avenue 3,569920
16 Winstedt Road,227988
50 Barker Road,309918
51 Tampines Street 61,528565
36 Bukit Panjang Ring Road,679944
1 Bedok South Ave 2,469317
91 Bendemeer Road,339948
91 Telok Blangah Heights,109100
20 Boon Lay Drive,649930
109 Cashew Road,679676
111 Lorong Kismis,598112
18 Bukit Batok Street 21,659634
21 Admiralty Drive,757714
1 Sallim Road,387621
1 Cantonment Close,088256
30 Pasir Ris St 41,518935
9 Bishan Street 22,579767
15 Cedar Avenue,349700
11 Simei St 3,529896
17 Martia Road,424821
1 Bukit Teresa Road,099757
2C Burghley Drive,558979
1257 Upper Serangoon Road,534793
4 Chestnut Drive,679287
628 Lorong 1 Toa Payoh,319765
501 Ang Mo Kio Street 13,569405
170 Yishun Avenue 6,768959
1 Tampines Street 21,529392
20 Choa Chu Kang Avenue 2,689905
8 Clementi Ave 3,129903
21 Compassvale St,545091
3 Choa Chu Kang Ave 4,689814
31 Jurong West Street 24,648347
52 Bedok Reservoir Crescent,479226
35 Bukit Batok Street 31,659441
11 Choa Chu Kang St 52,689285
31 Tampines St 33,529258
41 Edgefield Plains,828869
11 Pasir Ris Street 52,518866
10 Admiralty Link,757521
31 Woodlands Circle,738908
100 Dover Road,139648
2 Farrer Park Road,217567
307 Bedok North Road,469680
70 Fernvale Link,797538
1 Fernvale Lane,797701
7 Lorong 8 Toa Payoh,319252
20 Jurong West Street 61,648200
23 Woodlands Avenue 1,739063
65 Jurong East Street 13,609647
100 Redhill Close,158901
4 Geylang East Central,389706
1 Tampines Street 42,529176
50 Edgedale Plains,828848
11 Woodlands Circle,738907
10 Yishun Street 11,768643
100 Bright Hill Drive,579646
2A Prince Charles Crescent,159016
31 Anchorvale Drive,544969
19 Ang Mo Kio Ave 9,569785
20 Ang Mo Kio Avenue 3,569920
16 Winstedt Road,227988
50 Barker Road,309918
51 Tampines Street 61,528565
36 Bukit Panjang Ring Road,679944
1 Bedok South Ave 2,469317
91 Bendemeer Road,339948
91 Telok Blangah Heights,109100
20 Boon Lay Drive,649930
109 Cashew Road,679676
111 Lorong Kismis,598112
18 Bukit Batok Street 21,659634
21 Admiralty Drive,757714
1 Sallim Road,387621
1 Cantonment Close,088256
30 Pasir Ris St 41,518935
9 Bishan Street 22,579767
15 Cedar Avenue,349700
11 Simei St 3,529896
17 Martia Road,424821
1 Bukit Teresa Road,099757
2C Burghley Drive,558979
1257 Upper Serangoon Road,534793
4 Chestnut Drive,679287
628 Lorong 1 Toa Payoh,319765
501 Ang Mo Kio Street 13,569405
170 Yishun Avenue 6,768959
1 Tampines Street 21,529392
20 Choa Chu Kang Avenue 2,689905
8 Clementi Ave 3,129903
21 Compassvale St,545091
3 Choa Chu Kang Ave 4,689814
31 Jurong West Street 24,648347
52 Bedok Reservoir Crescent,479226
35 Bukit Batok Street 31,659441
11 Choa Chu Kang St 52,689285
31 Tampines St 33,529258
41 Edgefield Plains,828869
11 Pasir Ris Street 52,518866
10 Admiralty Link,757521
31 Woodlands Circle,738908
100 Dover Road,139648
2 Farrer Park Road,217567
307 Bedok North Road,469680
70 Fernvale Link,797538
1 Fernvale Lane,797701
7 Lorong 8 Toa Payoh,319252
20 Jurong West Street 61,648200
23 Woodlands Avenue 1,739063
65 Jurong East Street 13,609647
100 Redhill Close,158901
4 Geylang East Central,389706
1 Tampines Street 42,529176
50 Edgedale Plains,828848
11 Jelapang Road,677744
11 Woodlands  Dr  62,737942
51 Koon Seng Road,427072
1 Holland Grove Road,278790
5 Lorong Low Koon,536451
30 Towner Road,327829
61 Edgedale Plains,828819
1 Hougang St 93,534238
21 Yishun Avenue 11,768857
80 Woodlands Drive 17,737888
2 Yishun Street 71,768515
5 Ang Mo Kio St 52,569228
2 Tampines Street 91,528906
320 Jurong East Street 32,609476
30 Jurong West St 61,648368
90 Bukit Batok East Avenue 6,659762
15 Lorong 3 Toa Payoh,319580
350 Guillemard Road,399772
11 Choa Chu Kang Street 54,689189
8 Bishan Street 13,579793
11 Woodlands Circle,738907
10 Yishun Street 11,768643
100 Bright Hill Drive,579646
2A Prince Charles Crescent,159016
31 Anchorvale Drive,544969
19 Ang Mo Kio Ave 9,569785
20 Ang Mo Kio Avenue 3,569920
16 Winstedt Road,227988
50 Barker Road,309918
51 Tampines Street 61,528565
36 Bukit Panjang Ring Road,679944
1 Bedok South Ave 2,469317
91 Bendemeer Road,339948
91 Telok Blangah Heights,109100
20 Boon Lay Drive,649930
109 Cashew Road,679676
111 Lorong Kismis,598112
18 Bukit Batok Street 21,659634
21 Admiralty Drive,757714
1 Sallim Road,387621
1 Cantonment Close,088256
30 Pasir Ris St 41,518935
9 Bishan Street 22,579767
15 Cedar Avenue,349700
11 Simei St 3,529896
17 Martia Road,424821
1 Bukit Teresa Road,099757
2C Burghley Drive,558979
1257 Upper Serangoon Road,534793
4 Chestnut Drive,679287
628 Lorong 1 Toa Payoh,319765
501 Ang Mo Kio Street 13,569405
170 Yishun Avenue 6,768959
1 Tampines Street 21,529392
20 Choa Chu Kang Avenue 2,689905
8 Clementi Ave 3,129903
21 Compassvale St,545091
3 Choa Chu Kang Ave 4,689814
31 Jurong West Street 24,648347
52 Bedok Reservoir Crescent,479226
35 Bukit Batok Street 31,659441
11 Choa Chu Kang St 52,689285
31 Tampines St 33,529258
41 Edgefield Plains,828869
11 Pasir Ris Street 52,518866
10 Admiralty Link,757521
31 Woodlands Circle,738908
100 Dover Road,139648
2 Farrer Park Road,217567
307 Bedok North Road,469680
70 Fernvale Link,797538
1 Fernvale Lane,797701
7 Lorong 8 Toa Payoh,319252
20 Jurong West Street 61,648200
23 Woodlands Avenue 1,739063
65 Jurong East Street 13,609647
100 Redhill Close,158901
4 Geylang East Central,389706
1 Tampines Street 42,529176
50 Edgedale Plains,828848
11 Jelapang Road,677744
11 Woodlands  Dr  62,737942
51 Koon Seng Road,427072
1 Holland Grove Road,278790
5 Lorong Low Koon,536451
30 Towner Road,327829
61 Edgedale Plains,828819
1 Hougang St 93,534238
21 Yishun Avenue 11,768857
80 Woodlands Drive 17,737888
2 Yishun Street 71,768515
5 Ang Mo Kio St 52,569228
2 Tampines Street 91,528906
320 Jurong East Street 32,609476
30 Jurong West St 61,648368
90 Bukit Batok East Avenue 6,659762
15 Lorong 3 Toa Payoh,319580
350 Guillemard Road,399772
11 Choa Chu Kang Street 54,689189
8 Bishan Street 13,579793
161 Corporation Walk,618310
2 Bukit Batok Street 52,659243
10 Ubi Avenue 1,408931
25 Mount Vernon Road,368051
31 Woodlands Centre Road,738927
20 Marymount Road,297754
200 Ang Mo Kio Avenue 5,569878
21 Edgedale Plains,828867
20 Pasir Ris St 71,518798
11 Blackmore Drive,599986
52 Hougang Avenue 8,538786
50 Anchorvale Link,545080
30 Jalan Lempeng,128806
52 King's Road,268097
7 Yishun Ave 4,769028
300 Tanglin Halt Road,148812
344 Marine Terrace,449149
1 Rivervale Street,545088
210 Yishun Avenue 6,768960
20 Compassvale Link,544974
11 Woodlands Circle,738907
10 Yishun Street 11,768643
100 Bright Hill Drive,579646
2A Prince Charles Crescent,159016
31 Anchorvale Drive,544969
19 Ang Mo Kio Ave 9,569785
20 Ang Mo Kio Avenue 3,569920
16 Winstedt Road,227988
50 Barker Road,309918
51 Tampines Street 61,528565
36 Bukit Panjang Ring Road,679944
1 Bedok South Ave 2,469317
91 Bendemeer Road,339948
91 Telok Blangah Heights,109100
20 Boon Lay Drive,649930
109 Cashew Road,679676
111 Lorong Kismis,598112
18 Bukit Batok Street 21,659634
21 Admiralty Drive,757714
1 Sallim Road,387621
1 Cantonment Close,088256
30 Pasir Ris St 41,518935
9 Bishan Street 22,579767
15 Cedar Avenue,349700
11 Simei St 3,529896
17 Martia Road,424821
1 Bukit Teresa Road,099757
2C Burghley Drive,558979
1257 Upper Serangoon Road,534793
4 Chestnut Drive,679287
628 Lorong 1 Toa Payoh,319765
501 Ang Mo Kio Street 13,569405
170 Yishun Avenue 6,768959
1 Tampines Street 21,529392
20 Choa Chu Kang Avenue 2,689905
8 Clementi Ave 3,129903
21 Compassvale St,545091
3 Choa Chu Kang Ave 4,689814
31 Jurong West Street 24,648347
52 Bedok Reservoir Crescent,479226
35 Bukit Batok Street 31,659441
11 Choa Chu Kang St 52,689285
31 Tampines St 33,529258
41 Edgefield Plains,828869
11 Pasir Ris Street 52,518866
10 Admiralty Link,757521
31 Woodlands Circle,738908
100 Dover Road,139648
2 Farrer Park Road,217567
307 Bedok North Road,469680
70 Fernvale Link,797538
1 Fernvale Lane,797701
7 Lorong 8 Toa Payoh,319252
20 Jurong West Street 61,648200
23 Woodlands Avenue 1,739063
65 Jurong East Street 13,609647
100 Redhill Close,158901
4 Geylang East Central,389706
1 Tampines Street 42,529176
50 Edgedale Plains,828848
11 Jelapang Road,677744
11 Woodlands  Dr  62,737942
51 Koon Seng Road,427072
1 Holland Grove Road,278790
5 Lorong Low Koon,536451
30 Towner Road,327829
61 Edgedale Plains,828819
1 Hougang St 93,534238
21 Yishun Avenue 11,768857
80 Woodlands Drive 17,737888
2 Yishun Street 71,768515
5 Ang Mo Kio St 52,569228
2 Tampines Street 91,528906
320 Jurong East Street 32,609476
30 Jurong West St 61,648368
90 Bukit Batok East Avenue 6,659762
15 Lorong 3 Toa Payoh,319580
350 Guillemard Road,399772
11 Choa Chu Kang Street 54,689189
8 Bishan Street 13,579793
161 Corporation Walk,618310
2 Bukit Batok Street 52,659243
10 Ubi Avenue 1,408931
25 Mount Vernon Road,368051
31 Woodlands Centre Road,738927
20 Marymount Road,297754
200 Ang Mo Kio Avenue 5,569878
21 Edgedale Plains,828867
20 Pasir Ris St 71,518798
11 Blackmore Drive,599986
52 Hougang Avenue 8,538786
50 Anchorvale Link,545080
30 Jalan Lempeng,128806
52 King's Road,268097
7 Yishun Ave 4,769028
300 Tanglin Halt Road,148812
344 Marine Terrace,449149
1 Rivervale Street,545088
210 Yishun Avenue 6,768960
20 Compassvale Link,544974
15 Yishun Avenue 4,769026
61 Sembawang Drive,757622
30 Northshore Drive,828671
71 Edgefield Plains,828716
48 Fidelio Street,458436
150 Compassvale Bow,544822
60 Pasir Ris Drive 1,519524
5 Pasir Ris Street 21,518968
298 Lorong Ah Soo,536741
16 Lorong 7 Toa Payoh,319320
7 Pei Wah Avenue,597610
15 Clementi Avenue 5,129857
651 Yishun Ring Road,768687
31 Jurong West Street 91,649037
21 Tampines Street 71,529067
30 Bukit Batok West Avenue 3,659163
52 Sumang Walk,828674
98 Punggol Walk,828772
61 Hougang Avenue 8,538787
9 Punggol Place,828845
11 Woodlands Circle,738907
10 Yishun Street 11,768643
100 Bright Hill Drive,579646
2A Prince Charles Crescent,159016
31 Anchorvale Drive,544969
19 Ang Mo Kio Ave 9,569785
20 Ang Mo Kio Avenue 3,569920
16 Winstedt Road,227988
50 Barker Road,309918
51 Tampines Street 61,528565
36 Bukit Panjang Ring Road,679944
1 Bedok South Ave 2,469317
91 Bendemeer Road,339948
91 Telok Blangah Heights,109100
20 Boon Lay Drive,649930
109 Cashew Road,679676
111 Lorong Kismis,598112
18 Bukit Batok Street 21,659634
21 Admiralty Drive,757714
1 Sallim Road,387621
1 Cantonment Close,088256
30 Pasir Ris St 41,518935
9 Bishan Street 22,579767
15 Cedar Avenue,349700
11 Simei St 3,529896
17 Martia Road,424821
1 Bukit Teresa Road,099757
2C Burghley Drive,558979
1257 Upper Serangoon Road,534793
4 Chestnut Drive,679287
628 Lorong 1 Toa Payoh,319765
501 Ang Mo Kio Street 13,569405
170 Yishun Avenue 6,768959
1 Tampines Street 21,529392
20 Choa Chu Kang Avenue 2,689905
8 Clementi Ave 3,129903
21 Compassvale St,545091
3 Choa Chu Kang Ave 4,689814
31 Jurong West Street 24,648347
52 Bedok Reservoir Crescent,479226
35 Bukit Batok Street 31,659441
11 Choa Chu Kang St 52,689285
31 Tampines St 33,529258
41 Edgefield Plains,828869
11 Pasir Ris Street 52,518866
10 Admiralty Link,757521
31 Woodlands Circle,738908
100 Dover Road,139648
2 Farrer Park Road,217567
307 Bedok North Road,469680
70 Fernvale Link,797538
1 Fernvale Lane,797701
7 Lorong 8 Toa Payoh,319252
20 Jurong West Street 61,648200
23 Woodlands Avenue 1,739063
65 Jurong East Street 13,609647
100 Redhill Close,158901
4 Geylang East Central,389706
1 Tampines Street 42,529176
50 Edgedale Plains,828848
11 Jelapang Road,677744
11 Woodlands  Dr  62,737942
51 Koon Seng Road,427072
1 Holland Grove Road,278790
5 Lorong Low Koon,536451
30 Towner Road,327829
61 Edgedale Plains,828819
1 Hougang St 93,534238
21 Yishun Avenue 11,768857
80 Woodlands Drive 17,737888
2 Yishun Street 71,768515
5 Ang Mo Kio St 52,569228
2 Tampines Street 91,528906
320 Jurong East Street 32,609476
30 Jurong West St 61,648368
90 Bukit Batok East Avenue 6,659762
15 Lorong 3 Toa Payoh,319580
350 Guillemard Road,399772
11 Choa Chu Kang Street 54,689189
8 Bishan Street 13,579793
161 Corporation Walk,618310
2 Bukit Batok Street 52,659243
10 Ubi Avenue 1,408931
25 Mount Vernon Road,368051
31 Woodlands Centre Road,738927
20 Marymount Road,297754
200 Ang Mo Kio Avenue 5,569878
21 Edgedale Plains,828867
20 Pasir Ris St 71,518798
11 Blackmore Drive,599986
52 Hougang Avenue 8,538786
50 Anchorvale Link,545080
30 Jalan Lempeng,128806
52 King's Road,268097
7 Yishun Ave 4,769028
300 Tanglin Halt Road,148812
344 Marine Terrace,449149
1 Rivervale Street,545088
210 Yishun Avenue 6,768960
20 Compassvale Link,544974
15 Yishun Avenue 4,769026
61 Sembawang Drive,757622
30 Northshore Drive,828671
71 Edgefield Plains,828716
48 Fidelio Street,458436
150 Compassvale Bow,544822
60 Pasir Ris Drive 1,519524
5 Pasir Ris Street 21,518968
298 Lorong Ah Soo,536741
16 Lorong 7 Toa Payoh,319320
7 Pei Wah Avenue,597610
15 Clementi Avenue 5,129857
651 Yishun Ring Road,768687
31 Jurong West Street 91,649037
21 Tampines Street 71,529067
30 Bukit Batok West Avenue 3,659163
52 Sumang Walk,828674
98 Punggol Walk,828772
61 Hougang Avenue 8,538787
9 Punggol Place,828845
50 West Coast Avenue,128104
5 Woodlands Street 81,738525
310 Margaret Dr,149303
1 Bukit Purmei Avenue,099840
21 Hillcrest Road,289072
350 Bedok North Avenue 3,469719
2 River Valley Green,237993
110 Woodlands Crescent,737803
80 Rivervale Drive,545092
21 Serangoon North Avenue 4,555855
6 Jurong West Street 52,649295
10 Sembawang Drive,757715
21 Compassvale Walk,545166
15 Fernvale Road,797636
8 Jurong West Street 51,649332
61 Woodlands Avenue 1,739067
190 Dunearn Road,309437
6 Choa Chu Kang Central,689762
71 Anchorvale Link,544799
2 Francis Thomas Drive,359337
11 Woodlands Circle,738907
10 Yishun Street 11,768643
100 Bright Hill Drive,579646
2A Prince Charles Crescent,159016
31 Anchorvale Drive,544969
19 Ang Mo Kio Ave 9,569785
20 Ang Mo Kio Avenue 3,569920
16 Winstedt Road,227988
50 Barker Road,309918
51 Tampines Street 61,528565
36 Bukit Panjang Ring Road,679944
1 Bedok South Ave 2,469317
91 Bendemeer Road,339948
91 Telok Blangah Heights,109100
20 Boon Lay Drive,649930
109 Cashew Road,679676
111 Lorong Kismis,598112
18 Bukit Batok Street 21,659634
21 Admiralty Drive,757714
1 Sallim Road,387621
1 Cantonment Close,088256
30 Pasir Ris St 41,518935
9 Bishan Street 22,579767
15 Cedar Avenue,349700
11 Simei St 3,529896
17 Martia Road,424821
1 Bukit Teresa Road,099757
2C Burghley Drive,558979
1257 Upper Serangoon Road,534793
4 Chestnut Drive,679287
628 Lorong 1 Toa Payoh,319765
501 Ang Mo Kio Street 13,569405
170 Yishun Avenue 6,768959
1 Tampines Street 21,529392
20 Choa Chu Kang Avenue 2,689905
8 Clementi Ave 3,129903
21 Compassvale St,545091
3 Choa Chu Kang Ave 4,689814
31 Jurong West Street 24,648347
52 Bedok Reservoir Crescent,479226
35 Bukit Batok Street 31,659441
11 Choa Chu Kang St 52,689285
31 Tampines St 33,529258
41 Edgefield Plains,828869
11 Pasir Ris Street 52,518866
10 Admiralty Link,757521
31 Woodlands Circle,738908
100 Dover Road,139648
2 Farrer Park Road,217567
307 Bedok North Road,469680
70 Fernvale Link,797538
1 Fernvale Lane,797701
7 Lorong 8 Toa Payoh,319252
20 Jurong West Street 61,648200
23 Woodlands Avenue 1,739063
65 Jurong East Street 13,609647
100 Redhill Close,158901
4 Geylang East Central,389706
1 Tampines Street 42,529176
50 Edgedale Plains,828848
11 Jelapang Road,677744
11 Woodlands  Dr  62,737942
51 Koon Seng Road,427072
1 Holland Grove Road,278790
5 Lorong Low Koon,536451
30 Towner Road,327829
61 Edgedale Plains,828819
1 Hougang St 93,534238
21 Yishun Avenue 11,768857
80 Woodlands Drive 17,737888
2 Yishun Street 71,768515
5 Ang Mo Kio St 52,569228
2 Tampines Street 91,528906
320 Jurong East Street 32,609476
30 Jurong West St 61,648368
90 Bukit Batok East Avenue 6,659762
15 Lorong 3 Toa Payoh,319580
350 Guillemard Road,399772
11 Choa Chu Kang Street 54,689189
8 Bishan Street 13,579793
161 Corporation Walk,618310
2 Bukit Batok Street 52,659243
10 Ubi Avenue 1,408931
25 Mount Vernon Road,368051
31 Woodlands Centre Road,738927
20 Marymount Road,297754
200 Ang Mo Kio Avenue 5,569878
21 Edgedale Plains,828867
20 Pasir Ris St 71,518798
11 Blackmore Drive,599986
52 Hougang Avenue 8,538786
50 Anchorvale Link,545080
30 Jalan Lempeng,128806
52 King's Road,268097
7 Yishun Ave 4,769028
300 Tanglin Halt Road,148812
344 Marine Terrace,449149
1 Rivervale Street,545088
210 Yishun Avenue 6,768960
20 Compassvale Link,544974
15 Yishun Avenue 4,769026
61 Sembawang Drive,757622
30 Northshore Drive,828671
71 Edgefield Plains,828716
48 Fidelio Street,458436
150 Compassvale Bow,544822
60 Pasir Ris Drive 1,519524
5 Pasir Ris Street 21,518968
298 Lorong Ah Soo,536741
16 Lorong 7 Toa Payoh,319320
7 Pei Wah Avenue,597610
15 Clementi Avenue 5,129857
651 Yishun Ring Road,768687
31 Jurong West Street 91,649037
21 Tampines Street 71,529067
30 Bukit Batok West Avenue 3,659163
52 Sumang Walk,828674
98 Punggol Walk,828772
61 Hougang Avenue 8,538787
9 Punggol Place,828845
50 West Coast Avenue,128104
5 Woodlands Street 81,738525
310 Margaret Dr,149303
1 Bukit Purmei Avenue,099840
21 Hillcrest Road,289072
350 Bedok North Avenue 3,469719
2 River Valley Green,237993
110 Woodlands Crescent,737803
80 Rivervale Drive,545092
21 Serangoon North Avenue 4,555855
6 Jurong West Street 52,649295
10 Sembawang Drive,757715
21 Compassvale Walk,545166
15 Fernvale Road,797636
8 Jurong West Street 51,649332
61 Woodlands Avenue 1,739067
190 Dunearn Road,309437
6 Choa Chu Kang Central,689762
71 Anchorvale Link,544799
2 Francis Thomas Drive,359337
1602 Bedok North Ave 4,469701
30 Bukit Batok St 32,659401
220 Lorong Chuan,556742
2 Tampines Ave 3,529706
3 Essex Road,309331
99 Wilkie Road,228091
20 Siglap View,455789
30 Tampines Avenue 9,529565
250 Tampines Street 12,529426
10 Seraya Road,437259
49 Marine Crescent,449761
1 Ang Mo Kio Street 32,569299
11 Teck Whye Walk,688261
50 Bedok Reservoir Rd,479239
501 Bedok South Ave 3,469300
3 Ang Mo Kio Ave 10,569730
21 Choa Chu Kang Crescent,688268
49 Punggol Central,828728
70 Punggol Drive,828802
10 Wellington Circle,757702
11 Woodlands Circle,738907
10 Yishun Street 11,768643
100 Bright Hill Drive,579646
2A Prince Charles Crescent,159016
31 Anchorvale Drive,544969
19 Ang Mo Kio Ave 9,569785
20 Ang Mo Kio Avenue 3,569920
16 Winstedt Road,227988
50 Barker Road,309918
51 Tampines Street 61,528565
36 Bukit Panjang Ring Road,679944
1 Bedok South Ave 2,469317
91 Bendemeer Road,339948
91 Telok Blangah Heights,109100
20 Boon Lay Drive,649930
109 Cashew Road,679676
111 Lorong Kismis,598112
18 Bukit Batok Street 21,659634
21 Admiralty Drive,757714
1 Sallim Road,387621
1 Cantonment Close,088256
30 Pasir Ris St 41,518935
9 Bishan Street 22,579767
15 Cedar Avenue,349700
11 Simei St 3,529896
17 Martia Road,424821
1 Bukit Teresa Road,099757
2C Burghley Drive,558979
1257 Upper Serangoon Road,534793
4 Chestnut Drive,679287
628 Lorong 1 Toa Payoh,319765
501 Ang Mo Kio Street 13,569405
170 Yishun Avenue 6,768959
1 Tampines Street 21,529392
20 Choa Chu Kang Avenue 2,689905
8 Clementi Ave 3,129903
21 Compassvale St,545091
3 Choa Chu Kang Ave 4,689814
31 Jurong West Street 24,648347
52 Bedok Reservoir Crescent,479226
35 Bukit Batok Street 31,659441
11 Choa Chu Kang St 52,689285
31 Tampines St 33,529258
41 Edgefield Plains,828869
11 Pasir Ris Street 52,518866
10 Admiralty Link,757521
31 Woodlands Circle,738908
100 Dover Road,139648
2 Farrer Park Road,217567
307 Bedok North Road,469680
70 Fernvale Link,797538
1 Fernvale Lane,797701
7 Lorong 8 Toa Payoh,319252
20 Jurong West Street 61,648200
23 Woodlands Avenue 1,739063
65 Jurong East Street 13,609647
100 Redhill Close,158901
4 Geylang East Central,389706
1 Tampines Street 42,529176
50 Edgedale Plains,828848
11 Jelapang Road,677744
11 Woodlands  Dr  62,737942
51 Koon Seng Road,427072
1 Holland Grove Road,278790
5 Lorong Low Koon,536451
30 Towner Road,327829
61 Edgedale Plains,828819
1 Hougang St 93,534238
21 Yishun Avenue 11,768857
80 Woodlands Drive 17,737888
2 Yishun Street 71,768515
5 Ang Mo Kio St 52,569228
2 Tampines Street 91,528906
320 Jurong East Street 32,609476
30 Jurong West St 61,648368
90 Bukit Batok East Avenue 6,659762
15 Lorong 3 Toa Payoh,319580
350 Guillemard Road,399772
11 Choa Chu Kang Street 54,689189
8 Bishan Street 13,579793
161 Corporation Walk,618310
2 Bukit Batok Street 52,659243
10 Ubi Avenue 1,408931
25 Mount Vernon Road,368051
31 Woodlands Centre Road,738927
20 Marymount Road,297754
200 Ang Mo Kio Avenue 5,569878
21 Edgedale Plains,828867
20 Pasir Ris St 71,518798
11 Blackmore Drive,599986
52 Hougang Avenue 8,538786
50 Anchorvale Link,545080
30 Jalan Lempeng,128806
52 King's Road,268097
7 Yishun Ave 4,769028
300 Tanglin Halt Road,148812
344 Marine Terrace,449149
1 Rivervale Street,545088
210 Yishun Avenue 6,768960
20 Compassvale Link,544974
15 Yishun Avenue 4,769026
61 Sembawang Drive,757622
30 Northshore Drive,828671
71 Edgefield Plains,828716
48 Fidelio Street,458436
150 Compassvale Bow,544822
60 Pasir Ris Drive 1,519524
5 Pasir Ris Street 21,518968
298 Lorong Ah Soo,536741
16 Lorong 7 Toa Payoh,319320
7 Pei Wah Avenue,597610
15 Clementi Avenue 5,129857
651 Yishun Ring Road,768687
31 Jurong West Street 91,649037
21 Tampines Street 71,529067
30 Bukit Batok West Avenue 3,659163
52 Sumang Walk,828674
98 Punggol Walk,828772
61 Hougang Avenue 8,538787
9 Punggol Place,828845
50 West Coast Avenue,128104
5 Woodlands Street 81,738525
310 Margaret Dr,149303
1 Bukit Purmei Avenue,099840
21 Hillcrest Road,289072
350 Bedok North Avenue 3,469719
2 River Valley Green,237993
110 Woodlands Crescent,737803
80 Rivervale Drive,545092
21 Serangoon North Avenue 4,555855
6 Jurong West Street 52,649295
10 Sembawang Drive,757715
21 Compassvale Walk,545166
15 Fernvale Road,797636
8 Jurong West Street 51,649332
61 Woodlands Avenue 1,739067
190 Dunearn Road,309437
6 Choa Chu Kang Central,689762
71 Anchorvale Link,544799
2 Francis Thomas Drive,359337
1602 Bedok North Ave 4,469701
30 Bukit Batok St 32,659401
220 Lorong Chuan,556742
2 Tampines Ave 3,529706
3 Essex Road,309331
99 Wilkie Road,228091
20 Siglap View,455789
30 Tampines Avenue 9,529565
250 Tampines Street 12,529426
10 Seraya Road,437259
49 Marine Crescent,449761
1 Ang Mo Kio Street 32,569299
11 Teck Whye Walk,688261
50 Bedok Reservoir Rd,479239
501 Bedok South Ave 3,469300
3 Ang Mo Kio Ave 10,569730
21 Choa Chu Kang Crescent,688268
49 Punggol Central,828728
70 Punggol Drive,828802
10 Wellington Circle,757702
1 Jurong West St 72,649223
60 Bukit Panjang Ring Road,679946
31 Senja Road,677742
1 Jurong West Street 73,649188
2 Pasir Ris St 11,519075
2 Woodlands Drive 14,738079
10 Woodlands Drive 50,738853
11 Woodlands Ring Road,738240
45 Hougang Avenue 1,538882
5 Jurong West Street 91,649036
9 Hougang Avenue 8,538784
8 Yishun Street 21,768611
15 Serangoon Avenue 3,556108
10 Choa Chu Kang St 64,689100
1 Hougang Street 51,538720
500 Yishun Ring Road,768679
56 Bedok North St 3,469623
158 Jurong East Street 24,609558
3 Tampines Street 21,529393
51 Jalan Membina,169485
11 Woodlands Circle,738907
10 Yishun Street 11,768643
100 Bright Hill Drive,579646
2A Prince Charles Crescent,159016
31 Anchorvale Drive,544969
19 Ang Mo Kio Ave 9,569785
20 Ang Mo Kio Avenue 3,569920
16 Winstedt Road,227988
50 Barker Road,309918
51 Tampines Street 61,528565
36 Bukit Panjang Ring Road,679944
1 Bedok South Ave 2,469317
91 Bendemeer Road,339948
91 Telok Blangah Heights,109100
20 Boon Lay Drive,649930
109 Cashew Road,679676
111 Lorong Kismis,598112
18 Bukit Batok Street 21,659634
21 Admiralty Drive,757714
1 Sallim Road,387621
1 Cantonment Close,088256
30 Pasir Ris St 41,518935
9 Bishan Street 22,579767
15 Cedar Avenue,349700
11 Simei St 3,529896
17 Martia Road,424821
1 Bukit Teresa Road,099757
2C Burghley Drive,558979
1257 Upper Serangoon Road,534793
4 Chestnut Drive,679287
628 Lorong 1 Toa Payoh,319765
501 Ang Mo Kio Street 13,569405
170 Yishun Avenue 6,768959
1 Tampines Street 21,529392
20 Choa Chu Kang Avenue 2,689905
8 Clementi Ave 3,129903
21 Compassvale St,545091
3 Choa Chu Kang Ave 4,689814
31 Jurong West Street 24,648347
52 Bedok Reservoir Crescent,479226
35 Bukit Batok Street 31,659441
11 Choa Chu Kang St 52,689285
31 Tampines St 33,529258
41 Edgefield Plains,828869
11 Pasir Ris Street 52,518866
10 Admiralty Link,757521
31 Woodlands Circle,738908
100 Dover Road,139648
2 Farrer Park Road,217567
307 Bedok North Road,469680
70 Fernvale Link,797538
1 Fernvale Lane,797701
7 Lorong 8 Toa Payoh,319252
20 Jurong West Street 61,648200
23 Woodlands Avenue 1,739063
65 Jurong East Street 13,609647
100 Redhill Close,158901
4 Geylang East Central,389706
1 Tampines Street 42,529176
50 Edgedale Plains,828848
11 Jelapang Road,677744
11 Woodlands  Dr  62,737942
51 Koon Seng Road,427072
1 Holland Grove Road,278790
5 Lorong Low Koon,536451
30 Towner Road,327829
61 Edgedale Plains,828819
1 Hougang St 93,534238
21 Yishun Avenue 11,768857
80 Woodlands Drive 17,737888
2 Yishun Street 71,768515
5 Ang Mo Kio St 52,569228
2 Tampines Street 91,528906
320 Jurong East Street 32,609476
30 Jurong West St 61,648368
90 Bukit Batok East Avenue 6,659762
15 Lorong 3 Toa Payoh,319580
350 Guillemard Road,399772
11 Choa Chu Kang Street 54,689189
8 Bishan Street 13,579793
161 Corporation Walk,618310
2 Bukit Batok Street 52,659243
10 Ubi Avenue 1,408931
25 Mount Vernon Road,368051
31 Woodlands Centre Road,738927
20 Marymount Road,297754
200 Ang Mo Kio Avenue 5,569878
21 Edgedale Plains,828867
20 Pasir Ris St 71,518798
11 Blackmore Drive,599986
52 Hougang Avenue 8,538786
50 Anchorvale Link,545080
30 Jalan Lempeng,128806
52 King's Road,268097
7 Yishun Ave 4,769028
300 Tanglin Halt Road,148812
344 Marine Terrace,449149
1 Rivervale Street,545088
210 Yishun Avenue 6,768960
20 Compassvale Link,544974
15 Yishun Avenue 4,769026
61 Sembawang Drive,757622
30 Northshore Drive,828671
71 Edgefield Plains,828716
48 Fidelio Street,458436
150 Compassvale Bow,544822
60 Pasir Ris Drive 1,519524
5 Pasir Ris Street 21,518968
298 Lorong Ah Soo,536741
16 Lorong 7 Toa Payoh,319320
7 Pei Wah Avenue,597610
15 Clementi Avenue 5,129857
651 Yishun Ring Road,768687
31 Jurong West Street 91,649037
21 Tampines Street 71,529067
30 Bukit Batok West Avenue 3,659163
52 Sumang Walk,828674
98 Punggol Walk,828772
61 Hougang Avenue 8,538787
9 Punggol Place,828845
50 West Coast Avenue,128104
5 Woodlands Street 81,738525
310 Margaret Dr,149303
1 Bukit Purmei Avenue,099840
21 Hillcrest Road,289072
350 Bedok North Avenue 3,469719
2 River Valley Green,237993
110 Woodlands Crescent,737803
80 Rivervale Drive,545092
21 Serangoon North Avenue 4,555855
6 Jurong West Street 52,649295
10 Sembawang Drive,757715
21 Compassvale Walk,545166
15 Fernvale Road,797636
8 Jurong West Street 51,649332
61 Woodlands Avenue 1,739067
190 Dunearn Road,309437
6 Choa Chu Kang Central,689762
71 Anchorvale Link,544799
2 Francis Thomas Drive,359337
1602 Bedok North Ave 4,469701
30 Bukit Batok St 32,659401
220 Lorong Chuan,556742
2 Tampines Ave 3,529706
3 Essex Road,309331
99 Wilkie Road,228091
20 Siglap View,455789
30 Tampines Avenue 9,529565
250 Tampines Street 12,529426
10 Seraya Road,437259
49 Marine Crescent,449761
1 Ang Mo Kio Street 32,569299
11 Teck Whye Walk,688261
50 Bedok Reservoir Rd,479239
501 Bedok South Ave 3,469300
3 Ang Mo Kio Ave 10,569730
21 Choa Chu Kang Crescent,688268
49 Punggol Central,828728
70 Punggol Drive,828802
10 Wellington Circle,757702
1 Jurong West St 72,649223
60 Bukit Panjang Ring Road,679946
31 Senja Road,677742
1 Jurong West Street 73,649188
2 Pasir Ris St 11,519075
2 Woodlands Drive 14,738079
10 Woodlands Drive 50,738853
11 Woodlands Ring Road,738240
45 Hougang Avenue 1,538882
5 Jurong West Street 91,649036
9 Hougang Avenue 8,538784
8 Yishun Street 21,768611
15 Serangoon Avenue 3,556108
10 Choa Chu Kang St 64,689100
1 Hougang Street 51,538720
500 Yishun Ring Road,768679
56 Bedok North St 3,469623
158 Jurong East Street 24,609558
3 Tampines Street 21,529393
51 Jalan Membina,169485
9 Fajar Road,679002
12 Serangoon Avenue 4,556095
11 Woodlands Circle,738907
10 Yishun Street 11,768643
100 Bright Hill Drive,579646
2A Prince Charles Crescent,159016
31 Anchorvale Drive,544969
19 Ang Mo Kio Ave 9,569785
20 Ang Mo Kio Avenue 3,569920
16 Winstedt Road,227988
50 Barker Road,309918
51 Tampines Street 61,528565
36 Bukit Panjang Ring Road,679944
1 Bedok South Ave 2,469317
91 Bendemeer Road,339948
91 Telok Blangah Heights,109100
20 Boon Lay Drive,649930
109 Cashew Road,679676
111 Lorong Kismis,598112
18 Bukit Batok Street 21,659634
21 Admiralty Drive,757714
1 Sallim Road,387621
1 Cantonment Close,088256
30 Pasir Ris St 41,518935
9 Bishan Street 22,579767
15 Cedar Avenue,349700
11 Simei St 3,529896
17 Martia Road,424821
1 Bukit Teresa Road,099757
2C Burghley Drive,558979
1257 Upper Serangoon Road,534793
4 Chestnut Drive,679287
628 Lorong 1 Toa Payoh,319765
501 Ang Mo Kio Street 13,569405
170 Yishun Avenue 6,768959
1 Tampines Street 21,529392
20 Choa Chu Kang Avenue 2,689905
8 Clementi Ave 3,129903
21 Compassvale St,545091
3 Choa Chu Kang Ave 4,689814
31 Jurong West Street 24,648347
52 Bedok Reservoir Crescent,479226
35 Bukit Batok Street 31,659441
11 Choa Chu Kang St 52,689285
31 Tampines St 33,529258
41 Edgefield Plains,828869
11 Pasir Ris Street 52,518866
10 Admiralty Link,757521
31 Woodlands Circle,738908
100 Dover Road,139648
2 Farrer Park Road,217567
307 Bedok North Road,469680
70 Fernvale Link,797538
1 Fernvale Lane,797701
7 Lorong 8 Toa Payoh,319252
20 Jurong West Street 61,648200
23 Woodlands Avenue 1,739063
65 Jurong East Street 13,609647
100 Redhill Close,158901
4 Geylang East Central,389706
1 Tampines Street 42,529176
50 Edgedale Plains,828848
11 Jelapang Road,677744
11 Woodlands  Dr  62,737942
51 Koon Seng Road,427072
1 Holland Grove Road,278790
5 Lorong Low Koon,536451
30 Towner Road,327829
61 Edgedale Plains,828819
1 Hougang St 93,534238
21 Yishun Avenue 11,768857
80 Woodlands Drive 17,737888
2 Yishun Street 71,768515
5 Ang Mo Kio St 52,569228
2 Tampines Street 91,528906
320 Jurong East Street 32,609476
30 Jurong West St 61,648368
90 Bukit Batok East Avenue 6,659762
15 Lorong 3 Toa Payoh,319580
350 Guillemard Road,399772
11 Choa Chu Kang Street 54,689189
8 Bishan Street 13,579793
161 Corporation Walk,618310
2 Bukit Batok Street 52,659243
10 Ubi Avenue 1,408931
25 Mount Vernon Road,368051
31 Woodlands Centre Road,738927
20 Marymount Road,297754
200 Ang Mo Kio Avenue 5,569878
21 Edgedale Plains,828867
20 Pasir Ris St 71,518798
11 Blackmore Drive,599986
52 Hougang Avenue 8,538786
50 Anchorvale Link,545080
30 Jalan Lempeng,128806
52 King's Road,268097
7 Yishun Ave 4,769028
300 Tanglin Halt Road,148812
344 Marine Terrace,449149
1 Rivervale Street,545088
210 Yishun Avenue 6,768960
20 Compassvale Link,544974
15 Yishun Avenue 4,769026
61 Sembawang Drive,757622
30 Northshore Drive,828671
71 Edgefield Plains,828716
48 Fidelio Street,458436
150 Compassvale Bow,544822
60 Pasir Ris Drive 1,519524
5 Pasir Ris Street 21,518968
298 Lorong Ah Soo,536741
16 Lorong 7 Toa Payoh,319320
7 Pei Wah Avenue,597610
15 Clementi Avenue 5,129857
651 Yishun Ring Road,768687
31 Jurong West Street 91,649037
21 Tampines Street 71,529067
30 Bukit Batok West Avenue 3,659163
52 Sumang Walk,828674
98 Punggol Walk,828772
61 Hougang Avenue 8,538787
9 Punggol Place,828845
50 West Coast Avenue,128104
5 Woodlands Street 81,738525
310 Margaret Dr,149303
1 Bukit Purmei Avenue,099840
21 Hillcrest Road,289072
350 Bedok North Avenue 3,469719
2 River Valley Green,237993
110 Woodlands Crescent,737803
80 Rivervale Drive,545092
21 Serangoon North Avenue 4,555855
6 Jurong West Street 52,649295
10 Sembawang Drive,757715
21 Compassvale Walk,545166
15 Fernvale Road,797636
8 Jurong West Street 51,649332
61 Woodlands Avenue 1,739067
190 Dunearn Road,309437
6 Choa Chu Kang Central,689762
71 Anchorvale Link,544799
2 Francis Thomas Drive,359337
1602 Bedok North Ave 4,469701
30 Bukit Batok St 32,659401
220 Lorong Chuan,556742
2 Tampines Ave 3,529706
3 Essex Road,309331
99 Wilkie Road,228091
20 Siglap View,455789
30 Tampines Avenue 9,529565
250 Tampines Street 12,529426
10 Seraya Road,437259
49 Marine Crescent,449761
1 Ang Mo Kio Street 32,569299
11 Teck Whye Walk,688261
50 Bedok Reservoir Rd,479239
501 Bedok South Ave 3,469300
3 Ang Mo Kio Ave 10,569730
21 Choa Chu Kang Crescent,688268
49 Punggol Central,828728
70 Punggol Drive,828802
10 Wellington Circle,757702
1 Jurong West St 72,649223
60 Bukit Panjang Ring Road,679946
31 Senja Road,677742
1 Jurong West Street 73,649188
2 Pasir Ris St 11,519075
2 Woodlands Drive 14,738079
10 Woodlands Drive 50,738853
11 Woodlands Ring Road,738240
45 Hougang Avenue 1,538882
5 Jurong West Street 91,649036
9 Hougang Avenue 8,538784
8 Yishun Street 21,768611
15 Serangoon Avenue 3,556108
10 Choa Chu Kang St 64,689100
1 Hougang Street 51,538720
500 Yishun Ring Road,768679
56 Bedok North St 3,469623
158 Jurong East Street 24,609558
3 Tampines Street 21,529393
51 Jalan Membina,169485
9 Fajar Road,679002
12 Serangoon Avenue 4,556095
31 Woodlands Crescent,737916
751 Yishun Avenue 7,768928
10 Ang Mo Kio Street 53,569206
6 Ang Mo Kio Street 22,569362
600 Upper Changi Road,487012
60 Barker Road,309919
121 Dover Road,139650
622 Upper Bukit Timah Road,678117
30 Cashew Road,679697
10 Jalan Bunga Rampai,538403
1 Toa Payoh North,318990
360 Bedok North Ave 3,469722
1 Jalan Langgar Bedok,468585
6 Bedok South Avenue 3,469293
1 St Wilfred Road,327919
11 Jurong West Street 65,648354
2 Lorong Napiri,547529
61 Dakota Crescent,399935
50 Bukit Batok West Ave 8,658962
10 Lengkok Bahru,159050
11 Woodlands Circle,738907
10 Yishun Street 11,768643
100 Bright Hill Drive,579646
2A Prince Charles Crescent,159016
31 Anchorvale Drive,544969
19 Ang Mo Kio Ave 9,569785
20 Ang Mo Kio Avenue 3,569920
16 Winstedt Road,227988
50 Barker Road,309918
51 Tampines Street 61,528565
36 Bukit Panjang Ring Road,679944
1 Bedok South Ave 2,469317
91 Bendemeer Road,339948
91 Telok Blangah Heights,109100
20 Boon Lay Drive,649930
109 Cashew Road,679676
111 Lorong Kismis,598112
18 Bukit Batok Street 21,659634
21 Admiralty Drive,757714
1 Sallim Road,387621
1 Cantonment Close,088256
30 Pasir Ris St 41,518935
9 Bishan Street 22,579767
15 Cedar Avenue,349700
11 Simei St 3,529896
17 Martia Road,424821
1 Bukit Teresa Road,099757
2C Burghley Drive,558979
1257 Upper Serangoon Road,534793
4 Chestnut Drive,679287
628 Lorong 1 Toa Payoh,319765
501 Ang Mo Kio Street 13,569405
170 Yishun Avenue 6,768959
1 Tampines Street 21,529392
20 Choa Chu Kang Avenue 2,689905
8 Clementi Ave 3,129903
21 Compassvale St,545091
3 Choa Chu Kang Ave 4,689814
31 Jurong West Street 24,648347
52 Bedok Reservoir Crescent,479226
35 Bukit Batok Street 31,659441
11 Choa Chu Kang St 52,689285
31 Tampines St 33,529258
41 Edgefield Plains,828869
11 Pasir Ris Street 52,518866
10 Admiralty Link,757521
31 Woodlands Circle,738908
100 Dover Road,139648
2 Farrer Park Road,217567
307 Bedok North Road,469680
70 Fernvale Link,797538
1 Fernvale Lane,797701
7 Lorong 8 Toa Payoh,319252
20 Jurong West Street 61,648200
23 Woodlands Avenue 1,739063
65 Jurong East Street 13,609647
100 Redhill Close,158901
4 Geylang East Central,389706
1 Tampines Street 42,529176
50 Edgedale Plains,828848
11 Jelapang Road,677744
11 Woodlands  Dr  62,737942
51 Koon Seng Road,427072
1 Holland Grove Road,278790
5 Lorong Low Koon,536451
30 Towner Road,327829
61 Edgedale Plains,828819
1 Hougang St 93,534238
21 Yishun Avenue 11,768857
80 Woodlands Drive 17,737888
2 Yishun Street 71,768515
5 Ang Mo Kio St 52,569228
2 Tampines Street 91,528906
320 Jurong East Street 32,609476
30 Jurong West St 61,648368
90 Bukit Batok East Avenue 6,659762
15 Lorong 3 Toa Payoh,319580
350 Guillemard Road,399772
11 Choa Chu Kang Street 54,689189
8 Bishan Street 13,579793
161 Corporation Walk,618310
2 Bukit Batok Street 52,659243
10 Ubi Avenue 1,408931
25 Mount Vernon Road,368051
31 Woodlands Centre Road,738927
20 Marymount Road,297754
200 Ang Mo Kio Avenue 5,569878
21 Edgedale Plains,828867
20 Pasir Ris St 71,518798
11 Blackmore Drive,599986
52 Hougang Avenue 8,538786
50 Anchorvale Link,545080
30 Jalan Lempeng,128806
52 King's Road,268097
7 Yishun Ave 4,769028
300 Tanglin Halt Road,148812
344 Marine Terrace,449149
1 Rivervale Street,545088
210 Yishun Avenue 6,768960
20 Compassvale Link,544974
15 Yishun Avenue 4,769026
61 Sembawang Drive,757622
30 Northshore Drive,828671
71 Edgefield Plains,828716
48 Fidelio Street,458436
150 Compassvale Bow,544822
60 Pasir Ris Drive 1,519524
5 Pasir Ris Street 21,518968
298 Lorong Ah Soo,536741
16 Lorong 7 Toa Payoh,319320
7 Pei Wah Avenue,597610
15 Clementi Avenue 5,129857
651 Yishun Ring Road,768687
31 Jurong West Street 91,649037
21 Tampines Street 71,529067
30 Bukit Batok West Avenue 3,659163
52 Sumang Walk,828674
98 Punggol Walk,828772
61 Hougang Avenue 8,538787
9 Punggol Place,828845
50 West Coast Avenue,128104
5 Woodlands Street 81,738525
310 Margaret Dr,149303
1 Bukit Purmei Avenue,099840
21 Hillcrest Road,289072
350 Bedok North Avenue 3,469719
2 River Valley Green,237993
110 Woodlands Crescent,737803
80 Rivervale Drive,545092
21 Serangoon North Avenue 4,555855
6 Jurong West Street 52,649295
10 Sembawang Drive,757715
21 Compassvale Walk,545166
15 Fernvale Road,797636
8 Jurong West Street 51,649332
61 Woodlands Avenue 1,739067
190 Dunearn Road,309437
6 Choa Chu Kang Central,689762
71 Anchorvale Link,544799
2 Francis Thomas Drive,359337
1602 Bedok North Ave 4,469701
30 Bukit Batok St 32,659401
220 Lorong Chuan,556742
2 Tampines Ave 3,529706
3 Essex Road,309331
99 Wilkie Road,228091
20 Siglap View,455789
30 Tampines Avenue 9,529565
250 Tampines Street 12,529426
10 Seraya Road,437259
49 Marine Crescent,449761
1 Ang Mo Kio Street 32,569299
11 Teck Whye Walk,688261
50 Bedok Reservoir Rd,479239
501 Bedok South Ave 3,469300
3 Ang Mo Kio Ave 10,569730
21 Choa Chu Kang Crescent,688268
49 Punggol Central,828728
70 Punggol Drive,828802
10 Wellington Circle,757702
1 Jurong West St 72,649223
60 Bukit Panjang Ring Road,679946
31 Senja Road,677742
1 Jurong West Street 73,649188
2 Pasir Ris St 11,519075
2 Woodlands Drive 14,738079
10 Woodlands Drive 50,738853
11 Woodlands Ring Road,738240
45 Hougang Avenue 1,538882
5 Jurong West Street 91,649036
9 Hougang Avenue 8,538784
8 Yishun Street 21,768611
15 Serangoon Avenue 3,556108
10 Choa Chu Kang St 64,689100
1 Hougang Street 51,538720
500 Yishun Ring Road,768679
56 Bedok North St 3,469623
158 Jurong East Street 24,609558
3 Tampines Street 21,529393
51 Jalan Membina,169485
9 Fajar Road,679002
12 Serangoon Avenue 4,556095
31 Woodlands Crescent,737916
751 Yishun Avenue 7,768928
10 Ang Mo Kio Street 53,569206
6 Ang Mo Kio Street 22,569362
600 Upper Changi Road,487012
60 Barker Road,309919
121 Dover Road,139650
622 Upper Bukit Timah Road,678117
30 Cashew Road,679697
10 Jalan Bunga Rampai,538403
1 Toa Payoh North,318990
360 Bedok North Ave 3,469722
1 Jalan Langgar Bedok,468585
6 Bedok South Avenue 3,469293
1 St Wilfred Road,327919
11 Jurong West Street 65,648354
2 Lorong Napiri,547529
61 Dakota Crescent,399935
50 Bukit Batok West Ave 8,658962
10 Lengkok Bahru,159050
7 Choa Chu Kang Ave 4,689809
16 Bukit Batok Street 21,659633
51 Sembawang Drive,757699
9 Bishan Street 22,579767
1 Cedar Avenue,349692
23 Simei St 3,529894
346 Marine Terrace,449150
626 Lorong 1 Toa Payoh,319764
62 Sengkang East Way,548595
501 Ang Mo Kio Street 13,569405
160 Lower Delta Road,099138
20 Woodlands Drive 17,737924
31 Teck Whye Crescent,688848
50 Goodman Road,439012
11 Yishun Street 61,768547
10 Clementi Ave 3,129904
698 West Coast Road,608784
51 Compassvale Crescent,545083
357 Tanglin Road,247961
561 Jurong East Street 24,609561
11 Woodlands Circle,738907
10 Yishun Street 11,768643
100 Bright Hill Drive,579646
2A Prince Charles Crescent,159016
31 Anchorvale Drive,544969
19 Ang Mo Kio Ave 9,569785
20 Ang Mo Kio Avenue 3,569920
16 Winstedt Road,227988
50 Barker Road,309918
51 Tampines Street 61,528565
36 Bukit Panjang Ring Road,679944
1 Bedok South Ave 2,469317
91 Bendemeer Road,339948
91 Telok Blangah Heights,109100
20 Boon Lay Drive,649930
109 Cashew Road,679676
111 Lorong Kismis,598112
18 Bukit Batok Street 21,659634
21 Admiralty Drive,757714
1 Sallim Road,387621
1 Cantonment Close,088256
30 Pasir Ris St 41,518935
9 Bishan Street 22,579767
15 Cedar Avenue,349700
11 Simei St 3,529896
17 Martia Road,424821
1 Bukit Teresa Road,099757
2C Burghley Drive,558979
1257 Upper Serangoon Road,534793
4 Chestnut Drive,679287
628 Lorong 1 Toa Payoh,319765
501 Ang Mo Kio Street 13,569405
170 Yishun Avenue 6,768959
1 Tampines Street 21,529392
20 Choa Chu Kang Avenue 2,689905
8 Clementi Ave 3,129903
21 Compassvale St,545091
3 Choa Chu Kang Ave 4,689814
31 Jurong West Street 24,648347
52 Bedok Reservoir Crescent,479226
35 Bukit Batok Street 31,659441
11 Choa Chu Kang St 52,689285
31 Tampines St 33,529258
41 Edgefield Plains,828869
11 Pasir Ris Street 52,518866
10 Admiralty Link,757521
31 Woodlands Circle,738908
100 Dover Road,139648
2 Farrer Park Road,217567
307 Bedok North Road,469680
70 Fernvale Link,797538
1 Fernvale Lane,797701
7 Lorong 8 Toa Payoh,319252
20 Jurong West Street 61,648200
23 Woodlands Avenue 1,739063
65 Jurong East Street 13,609647
100 Redhill Close,158901
4 Geylang East Central,389706
1 Tampines Street 42,529176
50 Edgedale Plains,828848
11 Jelapang Road,677744
11 Woodlands  Dr  62,737942
51 Koon Seng Road,427072
1 Holland Grove Road,278790
5 Lorong Low Koon,536451
30 Towner Road,327829
61 Edgedale Plains,828819
1 Hougang St 93,534238
21 Yishun Avenue 11,768857
80 Woodlands Drive 17,737888
2 Yishun Street 71,768515
5 Ang Mo Kio St 52,569228
2 Tampines Street 91,528906
320 Jurong East Street 32,609476
30 Jurong West St 61,648368
90 Bukit Batok East Avenue 6,659762
15 Lorong 3 Toa Payoh,319580
350 Guillemard Road,399772
11 Choa Chu Kang Street 54,689189
8 Bishan Street 13,579793
161 Corporation Walk,618310
2 Bukit Batok Street 52,659243
10 Ubi Avenue 1,408931
25 Mount Vernon Road,368051
31 Woodlands Centre Road,738927
20 Marymount Road,297754
200 Ang Mo Kio Avenue 5,569878
21 Edgedale Plains,828867
20 Pasir Ris St 71,518798
11 Blackmore Drive,599986
52 Hougang Avenue 8,538786
50 Anchorvale Link,545080
30 Jalan Lempeng,128806
52 King's Road,268097
7 Yishun Ave 4,769028
300 Tanglin Halt Road,148812
344 Marine Terrace,449149
1 Rivervale Street,545088
210 Yishun Avenue 6,768960
20 Compassvale Link,544974
15 Yishun Avenue 4,769026
61 Sembawang Drive,757622
30 Northshore Drive,828671
71 Edgefield Plains,828716
48 Fidelio Street,458436
150 Compassvale Bow,544822
60 Pasir Ris Drive 1,519524
5 Pasir Ris Street 21,518968
298 Lorong Ah Soo,536741
16 Lorong 7 Toa Payoh,319320
7 Pei Wah Avenue,597610
15 Clementi Avenue 5,129857
651 Yishun Ring Road,768687
31 Jurong West Street 91,649037
21 Tampines Street 71,529067
30 Bukit Batok West Avenue 3,659163
52 Sumang Walk,828674
98 Punggol Walk,828772
61 Hougang Avenue 8,538787
9 Punggol Place,828845
50 West Coast Avenue,128104
5 Woodlands Street 81,738525
310 Margaret Dr,149303
1 Bukit Purmei Avenue,099840
21 Hillcrest Road,289072
350 Bedok North Avenue 3,469719
2 River Valley Green,237993
110 Woodlands Crescent,737803
80 Rivervale Drive,545092
21 Serangoon North Avenue 4,555855
6 Jurong West Street 52,649295
10 Sembawang Drive,757715
21 Compassvale Walk,545166
15 Fernvale Road,797636
8 Jurong West Street 51,649332
61 Woodlands Avenue 1,739067
190 Dunearn Road,309437
6 Choa Chu Kang Central,689762
71 Anchorvale Link,544799
2 Francis Thomas Drive,359337
1602 Bedok North Ave 4,469701
30 Bukit Batok St 32,659401
220 Lorong Chuan,556742
2 Tampines Ave 3,529706
3 Essex Road,309331
99 Wilkie Road,228091
20 Siglap View,455789
30 Tampines Avenue 9,529565
250 Tampines Street 12,529426
10 Seraya Road,437259
49 Marine Crescent,449761
1 Ang Mo Kio Street 32,569299
11 Teck Whye Walk,688261
50 Bedok Reservoir Rd,479239
501 Bedok South Ave 3,469300
3 Ang Mo Kio Ave 10,569730
21 Choa Chu Kang Crescent,688268
49 Punggol Central,828728
70 Punggol Drive,828802
10 Wellington Circle,757702
1 Jurong West St 72,649223
60 Bukit Panjang Ring Road,679946
31 Senja Road,677742
1 Jurong West Street 73,649188
2 Pasir Ris St 11,519075
2 Woodlands Drive 14,738079
10 Woodlands Drive 50,738853
11 Woodlands Ring Road,738240
45 Hougang Avenue 1,538882
5 Jurong West Street 91,649036
9 Hougang Avenue 8,538784
8 Yishun Street 21,768611
15 Serangoon Avenue 3,556108
10 Choa Chu Kang St 64,689100
1 Hougang Street 51,538720
500 Yishun Ring Road,768679
56 Bedok North St 3,469623
158 Jurong East Street 24,609558
3 Tampines Street 21,529393
51 Jalan Membina,169485
9 Fajar Road,679002
12 Serangoon Avenue 4,556095
31 Woodlands Crescent,737916
751 Yishun Avenue 7,768928
10 Ang Mo Kio Street 53,569206
6 Ang Mo Kio Street 22,569362
600 Upper Changi Road,487012
60 Barker Road,309919
121 Dover Road,139650
622 Upper Bukit Timah Road,678117
30 Cashew Road,679697
10 Jalan Bunga Rampai,538403
1 Toa Payoh North,318990
360 Bedok North Ave 3,469722
1 Jalan Langgar Bedok,468585
6 Bedok South Avenue 3,469293
1 St Wilfred Road,327919
11 Jurong West Street 65,648354
2 Lorong Napiri,547529
61 Dakota Crescent,399935
50 Bukit Batok West Ave 8,658962
10 Lengkok Bahru,159050
7 Choa Chu Kang Ave 4,689809
16 Bukit Batok Street 21,659633
51 Sembawang Drive,757699
9 Bishan Street 22,579767
1 Cedar Avenue,349692
23 Simei St 3,529894
346 Marine Terrace,449150
626 Lorong 1 Toa Payoh,319764
62 Sengkang East Way,548595
501 Ang Mo Kio Street 13,569405
160 Lower Delta Road,099138
20 Woodlands Drive 17,737924
31 Teck Whye Crescent,688848
50 Goodman Road,439012
11 Yishun Street 61,768547
10 Clementi Ave 3,129904
698 West Coast Road,608784
51 Compassvale Crescent,545083
357 Tanglin Road,247961
561 Jurong East Street 24,609561
4800 Bedok Reservoir Road,479229
1 Ang Mo Kio Street 42,569277
21 Bukit Batok West Avenue 2,659204
10 Tanjong Rhu Road,436895
21 Tampines Street 45,529093
30 Tampines Street 34,529231
36 Punggol Field,828814
11 Woodlands Street 83,738489
102 Dover Road,139649
21 Woodlands Avenue 1,739062
5 Jurong West Street 41,649410
1 Henderson Road,159561
2 Geylang East Central,389705
51 Edgedale Plains,828866
31 Gangsa Road,678972
8 Bishan Street 12,579807
9 Pasir Ris Drive 6,519421
10 Bukit Batok Street 52,659250
1191 Upper Serangoon Road,534786
2 Hougang Street 93,534256
11 Woodlands Circle,738907
10 Yishun Street 11,768643
100 Bright Hill Drive,579646
2A Prince Charles Crescent,159016
31 Anchorvale Drive,544969
19 Ang Mo Kio Ave 9,569785
20 Ang Mo Kio Avenue 3,569920
16 Winstedt Road,227988
50 Barker Road,309918
51 Tampines Street 61,528565
36 Bukit Panjang Ring Road,679944
1 Bedok South Ave 2,469317
91 Bendemeer Road,339948
91 Telok Blangah Heights,109100
20 Boon Lay Drive,649930
109 Cashew Road,679676
111 Lorong Kismis,598112
18 Bukit Batok Street 21,659634
21 Admiralty Drive,757714
1 Sallim Road,387621
1 Cantonment Close,088256
30 Pasir Ris St 41,518935
9 Bishan Street 22,579767
15 Cedar Avenue,349700
11 Simei St 3,529896
17 Martia Road,424821
1 Bukit Teresa Road,099757
2C Burghley Drive,558979
1257 Upper Serangoon Road,534793
4 Chestnut Drive,679287
628 Lorong 1 Toa Payoh,319765
501 Ang Mo Kio Street 13,569405
170 Yishun Avenue 6,768959
1 Tampines Street 21,529392
20 Choa Chu Kang Avenue 2,689905
8 Clementi Ave 3,129903
21 Compassvale St,545091
3 Choa Chu Kang Ave 4,689814
31 Jurong West Street 24,648347
52 Bedok Reservoir Crescent,479226
35 Bukit Batok Street 31,659441
11 Choa Chu Kang St 52,689285
31 Tampines St 33,529258
41 Edgefield Plains,828869
11 Pasir Ris Street 52,518866
10 Admiralty Link,757521
31 Woodlands Circle,738908
100 Dover Road,139648
2 Farrer Park Road,217567
307 Bedok North Road,469680
70 Fernvale Link,797538
1 Fernvale Lane,797701
7 Lorong 8 Toa Payoh,319252
20 Jurong West Street 61,648200
23 Woodlands Avenue 1,739063
65 Jurong East Street 13,609647
100 Redhill Close,158901
4 Geylang East Central,389706
1 Tampines Street 42,529176
50 Edgedale Plains,828848
11 Jelapang Road,677744
11 Woodlands  Dr  62,737942
51 Koon Seng Road,427072
1 Holland Grove Road,278790
5 Lorong Low Koon,536451
30 Towner Road,327829
61 Edgedale Plains,828819
1 Hougang St 93,534238
21 Yishun Avenue 11,768857
80 Woodlands Drive 17,737888
2 Yishun Street 71,768515
5 Ang Mo Kio St 52,569228
2 Tampines Street 91,528906
320 Jurong East Street 32,609476
30 Jurong West St 61,648368
90 Bukit Batok East Avenue 6,659762
15 Lorong 3 Toa Payoh,319580
350 Guillemard Road,399772
11 Choa Chu Kang Street 54,689189
8 Bishan Street 13,579793
161 Corporation Walk,618310
2 Bukit Batok Street 52,659243
10 Ubi Avenue 1,408931
25 Mount Vernon Road,368051
31 Woodlands Centre Road,738927
20 Marymount Road,297754
200 Ang Mo Kio Avenue 5,569878
21 Edgedale Plains,828867
20 Pasir Ris St 71,518798
11 Blackmore Drive,599986
52 Hougang Avenue 8,538786
50 Anchorvale Link,545080
30 Jalan Lempeng,128806
52 King's Road,268097
7 Yishun Ave 4,769028
300 Tanglin Halt Road,148812
344 Marine Terrace,449149
1 Rivervale Street,545088
210 Yishun Avenue 6,768960
20 Compassvale Link,544974
15 Yishun Avenue 4,769026
61 Sembawang Drive,757622
30 Northshore Drive,828671
71 Edgefield Plains,828716
48 Fidelio Street,458436
150 Compassvale Bow,544822
60 Pasir Ris Drive 1,519524
5 Pasir Ris Street 21,518968
298 Lorong Ah Soo,536741
16 Lorong 7 Toa Payoh,319320
7 Pei Wah Avenue,597610
15 Clementi Avenue 5,129857
651 Yishun Ring Road,768687
31 Jurong West Street 91,649037
21 Tampines Street 71,529067
30 Bukit Batok West Avenue 3,659163
52 Sumang Walk,828674
98 Punggol Walk,828772
61 Hougang Avenue 8,538787
9 Punggol Place,828845
50 West Coast Avenue,128104
5 Woodlands Street 81,738525
310 Margaret Dr,149303
1 Bukit Purmei Avenue,099840
21 Hillcrest Road,289072
350 Bedok North Avenue 3,469719
2 River Valley Green,237993
110 Woodlands Crescent,737803
80 Rivervale Drive,545092
21 Serangoon North Avenue 4,555855
6 Jurong West Street 52,649295
10 Sembawang Drive,757715
21 Compassvale Walk,545166
15 Fernvale Road,797636
8 Jurong West Street 51,649332
61 Woodlands Avenue 1,739067
190 Dunearn Road,309437
6 Choa Chu Kang Central,689762
71 Anchorvale Link,544799
2 Francis Thomas Drive,359337
1602 Bedok North Ave 4,469701
30 Bukit Batok St 32,659401
220 Lorong Chuan,556742
2 Tampines Ave 3,529706
3 Essex Road,309331
99 Wilkie Road,228091
20 Siglap View,455789
30 Tampines Avenue 9,529565
250 Tampines Street 12,529426
10 Seraya Road,437259
49 Marine Crescent,449761
1 Ang Mo Kio Street 32,569299
11 Teck Whye Walk,688261
50 Bedok Reservoir Rd,479239
501 Bedok South Ave 3,469300
3 Ang Mo Kio Ave 10,569730
21 Choa Chu Kang Crescent,688268
49 Punggol Central,828728
70 Punggol Drive,828802
10 Wellington Circle,757702
1 Jurong West St 72,649223
60 Bukit Panjang Ring Road,679946
31 Senja Road,677742
1 Jurong West Street 73,649188
2 Pasir Ris St 11,519075
2 Woodlands Drive 14,738079
10 Woodlands Drive 50,738853
11 Woodlands Ring Road,738240
45 Hougang Avenue 1,538882
5 Jurong West Street 91,649036
9 Hougang Avenue 8,538784
8 Yishun Street 21,768611
15 Serangoon Avenue 3,556108
10 Choa Chu Kang St 64,689100
1 Hougang Street 51,538720
500 Yishun Ring Road,768679
56 Bedok North St 3,469623
158 Jurong East Street 24,609558
3 Tampines Street 21,529393
51 Jalan Membina,169485
9 Fajar Road,679002
12 Serangoon Avenue 4,556095
31 Woodlands Crescent,737916
751 Yishun Avenue 7,768928
10 Ang Mo Kio Street 53,569206
6 Ang Mo Kio Street 22,569362
600 Upper Changi Road,487012
60 Barker Road,309919
121 Dover Road,139650
622 Upper Bukit Timah Road,678117
30 Cashew Road,679697
10 Jalan Bunga Rampai,538403
1 Toa Payoh North,318990
360 Bedok North Ave 3,469722
1 Jalan Langgar Bedok,468585
6 Bedok South Avenue 3,469293
1 St Wilfred Road,327919
11 Jurong West Street 65,648354
2 Lorong Napiri,547529
61 Dakota Crescent,399935
50 Bukit Batok West Ave 8,658962
10 Lengkok Bahru,159050
7 Choa Chu Kang Ave 4,689809
16 Bukit Batok Street 21,659633
51 Sembawang Drive,757699
9 Bishan Street 22,579767
1 Cedar Avenue,349692
23 Simei St 3,529894
346 Marine Terrace,449150
626 Lorong 1 Toa Payoh,319764
62 Sengkang East Way,548595
501 Ang Mo Kio Street 13,569405
160 Lower Delta Road,099138
20 Woodlands Drive 17,737924
31 Teck Whye Crescent,688848
50 Goodman Road,439012
11 Yishun Street 61,768547
10 Clementi Ave 3,129904
698 West Coast Road,608784
51 Compassvale Crescent,545083
357 Tanglin Road,247961
561 Jurong East Street 24,609561
4800 Bedok Reservoir Road,479229
1 Ang Mo Kio Street 42,569277
21 Bukit Batok West Avenue 2,659204
10 Tanjong Rhu Road,436895
21 Tampines Street 45,529093
30 Tampines Street 34,529231
36 Punggol Field,828814
11 Woodlands Street 83,738489
102 Dover Road,139649
21 Woodlands Avenue 1,739062
5 Jurong West Street 41,649410
1 Henderson Road,159561
2 Geylang East Central,389705
51 Edgedale Plains,828866
31 Gangsa Road,678972
8 Bishan Street 12,579807
9 Pasir Ris Drive 6,519421
10 Bukit Batok Street 52,659250
1191 Upper Serangoon Road,534786
2 Hougang Street 93,534256
60 Jurong West St 42,649371
661 Bukit Timah Road,269734
11 Tampines Street 84,528933
31 Yuan Ching Road,618652
61 Jurong West Street 65,648348
202 Jurong East Avenue 1,609790
33 Jurong West Street 91,649038
147 West Coast Road,127368
61 Choa Chu Kang Street 51,689333
10 Bishan Street 13,579795
12 Pasir Ris Street 11,519073
20 Ubi Avenue 1,408940
25 Mount Vernon Road,368051
12 Marsiling Road,739110
2 Ang Mo Kio Street 21,569384
31 Pasir Ris Street 51,518901
11 Blackmore Drive,599986
50 Hougang Avenue 8,538785
20 Anchorvale Link,545079
41 Clementi Avenue 1,129956
11 Woodlands Circle,738907
10 Yishun Street 11,768643
100 Bright Hill Drive,579646
2A Prince Charles Crescent,159016
31 Anchorvale Drive,544969
19 Ang Mo Kio Ave 9,569785
20 Ang Mo Kio Avenue 3,569920
16 Winstedt Road,227988
50 Barker Road,309918
51 Tampines Street 61,528565
36 Bukit Panjang Ring Road,679944
1 Bedok South Ave 2,469317
91 Bendemeer Road,339948
91 Telok Blangah Heights,109100
20 Boon Lay Drive,649930
109 Cashew Road,679676
111 Lorong Kismis,598112
18 Bukit Batok Street 21,659634
21 Admiralty Drive,757714
1 Sallim Road,387621
1 Cantonment Close,088256
30 Pasir Ris St 41,518935
9 Bishan Street 22,579767
15 Cedar Avenue,349700
11 Simei St 3,529896
17 Martia Road,424821
1 Bukit Teresa Road,099757
2C Burghley Drive,558979
1257 Upper Serangoon Road,534793
4 Chestnut Drive,679287
628 Lorong 1 Toa Payoh,319765
501 Ang Mo Kio Street 13,569405
170 Yishun Avenue 6,768959
1 Tampines Street 21,529392
20 Choa Chu Kang Avenue 2,689905
8 Clementi Ave 3,129903
21 Compassvale St,545091
3 Choa Chu Kang Ave 4,689814
31 Jurong West Street 24,648347
52 Bedok Reservoir Crescent,479226
35 Bukit Batok Street 31,659441
11 Choa Chu Kang St 52,689285
31 Tampines St 33,529258
41 Edgefield Plains,828869
11 Pasir Ris Street 52,518866
10 Admiralty Link,757521
31 Woodlands Circle,738908
100 Dover Road,139648
2 Farrer Park Road,217567
307 Bedok North Road,469680
70 Fernvale Link,797538
1 Fernvale Lane,797701
7 Lorong 8 Toa Payoh,319252
20 Jurong West Street 61,648200
23 Woodlands Avenue 1,739063
65 Jurong East Street 13,609647
100 Redhill Close,158901
4 Geylang East Central,389706
1 Tampines Street 42,529176
50 Edgedale Plains,828848
11 Jelapang Road,677744
11 Woodlands  Dr  62,737942
51 Koon Seng Road,427072
1 Holland Grove Road,278790
5 Lorong Low Koon,536451
30 Towner Road,327829
61 Edgedale Plains,828819
1 Hougang St 93,534238
21 Yishun Avenue 11,768857
80 Woodlands Drive 17,737888
2 Yishun Street 71,768515
5 Ang Mo Kio St 52,569228
2 Tampines Street 91,528906
320 Jurong East Street 32,609476
30 Jurong West St 61,648368
90 Bukit Batok East Avenue 6,659762
15 Lorong 3 Toa Payoh,319580
350 Guillemard Road,399772
11 Choa Chu Kang Street 54,689189
8 Bishan Street 13,579793
161 Corporation Walk,618310
2 Bukit Batok Street 52,659243
10 Ubi Avenue 1,408931
25 Mount Vernon Road,368051
31 Woodlands Centre Road,738927
20 Marymount Road,297754
200 Ang Mo Kio Avenue 5,569878
21 Edgedale Plains,828867
20 Pasir Ris St 71,518798
11 Blackmore Drive,599986
52 Hougang Avenue 8,538786
50 Anchorvale Link,545080
30 Jalan Lempeng,128806
52 King's Road,268097
7 Yishun Ave 4,769028
300 Tanglin Halt Road,148812
344 Marine Terrace,449149
1 Rivervale Street,545088
210 Yishun Avenue 6,768960
20 Compassvale Link,544974
15 Yishun Avenue 4,769026
61 Sembawang Drive,757622
30 Northshore Drive,828671
71 Edgefield Plains,828716
48 Fidelio Street,458436
150 Compassvale Bow,544822
60 Pasir Ris Drive 1,519524
5 Pasir Ris Street 21,518968
298 Lorong Ah Soo,536741
16 Lorong 7 Toa Payoh,319320
7 Pei Wah Avenue,597610
15 Clementi Avenue 5,129857
651 Yishun Ring Road,768687
31 Jurong West Street 91,649037
21 Tampines Street 71,529067
30 Bukit Batok West Avenue 3,659163
52 Sumang Walk,828674
98 Punggol Walk,828772
61 Hougang Avenue 8,538787
9 Punggol Place,828845
50 West Coast Avenue,128104
5 Woodlands Street 81,738525
310 Margaret Dr,149303
1 Bukit Purmei Avenue,099840
21 Hillcrest Road,289072
350 Bedok North Avenue 3,469719
2 River Valley Green,237993
110 Woodlands Crescent,737803
80 Rivervale Drive,545092
21 Serangoon North Avenue 4,555855
6 Jurong West Street 52,649295
10 Sembawang Drive,757715
21 Compassvale Walk,545166
15 Fernvale Road,797636
8 Jurong West Street 51,649332
61 Woodlands Avenue 1,739067
190 Dunearn Road,309437
6 Choa Chu Kang Central,689762
71 Anchorvale Link,544799
2 Francis Thomas Drive,359337
1602 Bedok North Ave 4,469701
30 Bukit Batok St 32,659401
220 Lorong Chuan,556742
2 Tampines Ave 3,529706
3 Essex Road,309331
99 Wilkie Road,228091
20 Siglap View,455789
30 Tampines Avenue 9,529565
250 Tampines Street 12,529426
10 Seraya Road,437259
49 Marine Crescent,449761
1 Ang Mo Kio Street 32,569299
11 Teck Whye Walk,688261
50 Bedok Reservoir Rd,479239
501 Bedok South Ave 3,469300
3 Ang Mo Kio Ave 10,569730
21 Choa Chu Kang Crescent,688268
49 Punggol Central,828728
70 Punggol Drive,828802
10 Wellington Circle,757702
1 Jurong West St 72,649223
60 Bukit Panjang Ring Road,679946
31 Senja Road,677742
1 Jurong West Street 73,649188
2 Pasir Ris St 11,519075
2 Woodlands Drive 14,738079
10 Woodlands Drive 50,738853
11 Woodlands Ring Road,738240
45 Hougang Avenue 1,538882
5 Jurong West Street 91,649036
9 Hougang Avenue 8,538784
8 Yishun Street 21,768611
15 Serangoon Avenue 3,556108
10 Choa Chu Kang St 64,689100
1 Hougang Street 51,538720
500 Yishun Ring Road,768679
56 Bedok North St 3,469623
158 Jurong East Street 24,609558
3 Tampines Street 21,529393
51 Jalan Membina,169485
9 Fajar Road,679002
12 Serangoon Avenue 4,556095
31 Woodlands Crescent,737916
751 Yishun Avenue 7,768928
10 Ang Mo Kio Street 53,569206
6 Ang Mo Kio Street 22,569362
600 Upper Changi Road,487012
60 Barker Road,309919
121 Dover Road,139650
622 Upper Bukit Timah Road,678117
30 Cashew Road,679697
10 Jalan Bunga Rampai,538403
1 Toa Payoh North,318990
360 Bedok North Ave 3,469722
1 Jalan Langgar Bedok,468585
6 Bedok South Avenue 3,469293
1 St Wilfred Road,327919
11 Jurong West Street 65,648354
2 Lorong Napiri,547529
61 Dakota Crescent,399935
50 Bukit Batok West Ave 8,658962
10 Lengkok Bahru,159050
7 Choa Chu Kang Ave 4,689809
16 Bukit Batok Street 21,659633
51 Sembawang Drive,757699
9 Bishan Street 22,579767
1 Cedar Avenue,349692
23 Simei St 3,529894
346 Marine Terrace,449150
626 Lorong 1 Toa Payoh,319764
62 Sengkang East Way,548595
501 Ang Mo Kio Street 13,569405
160 Lower Delta Road,099138
20 Woodlands Drive 17,737924
31 Teck Whye Crescent,688848
50 Goodman Road,439012
11 Yishun Street 61,768547
10 Clementi Ave 3,129904
698 West Coast Road,608784
51 Compassvale Crescent,545083
357 Tanglin Road,247961
561 Jurong East Street 24,609561
4800 Bedok Reservoir Road,479229
1 Ang Mo Kio Street 42,569277
21 Bukit Batok West Avenue 2,659204
10 Tanjong Rhu Road,436895
21 Tampines Street 45,529093
30 Tampines Street 34,529231
36 Punggol Field,828814
11 Woodlands Street 83,738489
102 Dover Road,139649
21 Woodlands Avenue 1,739062
5 Jurong West Street 41,649410
1 Henderson Road,159561
2 Geylang East Central,389705
51 Edgedale Plains,828866
31 Gangsa Road,678972
8 Bishan Street 12,579807
9 Pasir Ris Drive 6,519421
10 Bukit Batok Street 52,659250
1191 Upper Serangoon Road,534786
2 Hougang Street 93,534256
60 Jurong West St 42,649371
661 Bukit Timah Road,269734
11 Tampines Street 84,528933
31 Yuan Ching Road,618652
61 Jurong West Street 65,648348
202 Jurong East Avenue 1,609790
33 Jurong West Street 91,649038
147 West Coast Road,127368
61 Choa Chu Kang Street 51,689333
10 Bishan Street 13,579795
12 Pasir Ris Street 11,519073
20 Ubi Avenue 1,408940
25 Mount Vernon Road,368051
12 Marsiling Road,739110
2 Ang Mo Kio Street 21,569384
31 Pasir Ris Street 51,518901
11 Blackmore Drive,599986
50 Hougang Avenue 8,538785
20 Anchorvale Link,545079
41 Clementi Avenue 1,129956
2 Linden Drive,288683
37 Hillcrest Road,288913
901 Yishun Ring Road,768689
1020 Dover Road,139657
1 Tampines Street 32,529283
11 Rivervale Link,545081
585 Yishun Ring Road,768692
3 Yishun Street 22,768578
151 Towner Road,327830
20 Clementi Avenue 1,129957
10 Yishun Street 81,768454
3 York Hill,168622
11 Pasir Ris Street 41,518934
390 Tampines Street 21,529400
296 Lor Ah Soo,536742
21 Fernvale Link,797702
10 Serangoon Avenue 4,556094
10 Sin Ming Walk,575566
5209 Ang Mo Kio Avenue 6,569845
51 Edgefield Plains,828870
11 Woodlands Circle,738907
10 Yishun Street 11,768643
100 Bright Hill Drive,579646
2A Prince Charles Crescent,159016
31 Anchorvale Drive,544969
19 Ang Mo Kio Ave 9,569785
20 Ang Mo Kio Avenue 3,569920
16 Winstedt Road,227988
50 Barker Road,309918
51 Tampines Street 61,528565
36 Bukit Panjang Ring Road,679944
1 Bedok South Ave 2,469317
91 Bendemeer Road,339948
91 Telok Blangah Heights,109100
20 Boon Lay Drive,649930
109 Cashew Road,679676
111 Lorong Kismis,598112
18 Bukit Batok Street 21,659634
21 Admiralty Drive,757714
1 Sallim Road,387621
1 Cantonment Close,088256
30 Pasir Ris St 41,518935
9 Bishan Street 22,579767
15 Cedar Avenue,349700
11 Simei St 3,529896
17 Martia Road,424821
1 Bukit Teresa Road,099757
2C Burghley Drive,558979
1257 Upper Serangoon Road,534793
4 Chestnut Drive,679287
628 Lorong 1 Toa Payoh,319765
501 Ang Mo Kio Street 13,569405
170 Yishun Avenue 6,768959
1 Tampines Street 21,529392
20 Choa Chu Kang Avenue 2,689905
8 Clementi Ave 3,129903
21 Compassvale St,545091
3 Choa Chu Kang Ave 4,689814
31 Jurong West Street 24,648347
52 Bedok Reservoir Crescent,479226
35 Bukit Batok Street 31,659441
11 Choa Chu Kang St 52,689285
31 Tampines St 33,529258
41 Edgefield Plains,828869
11 Pasir Ris Street 52,518866
10 Admiralty Link,757521
31 Woodlands Circle,738908
100 Dover Road,139648
2 Farrer Park Road,217567
307 Bedok North Road,469680
70 Fernvale Link,797538
1 Fernvale Lane,797701
7 Lorong 8 Toa Payoh,319252
20 Jurong West Street 61,648200
23 Woodlands Avenue 1,739063
65 Jurong East Street 13,609647
100 Redhill Close,158901
4 Geylang East Central,389706
1 Tampines Street 42,529176
50 Edgedale Plains,828848
11 Jelapang Road,677744
11 Woodlands  Dr  62,737942
51 Koon Seng Road,427072
1 Holland Grove Road,278790
5 Lorong Low Koon,536451
30 Towner Road,327829
61 Edgedale Plains,828819
1 Hougang St 93,534238
21 Yishun Avenue 11,768857
80 Woodlands Drive 17,737888
2 Yishun Street 71,768515
5 Ang Mo Kio St 52,569228
2 Tampines Street 91,528906
320 Jurong East Street 32,609476
30 Jurong West St 61,648368
90 Bukit Batok East Avenue 6,659762
15 Lorong 3 Toa Payoh,319580
350 Guillemard Road,399772
11 Choa Chu Kang Street 54,689189
8 Bishan Street 13,579793
161 Corporation Walk,618310
2 Bukit Batok Street 52,659243
10 Ubi Avenue 1,408931
25 Mount Vernon Road,368051
31 Woodlands Centre Road,738927
20 Marymount Road,297754
200 Ang Mo Kio Avenue 5,569878
21 Edgedale Plains,828867
20 Pasir Ris St 71,518798
11 Blackmore Drive,599986
52 Hougang Avenue 8,538786
50 Anchorvale Link,545080
30 Jalan Lempeng,128806
52 King's Road,268097
7 Yishun Ave 4,769028
300 Tanglin Halt Road,148812
344 Marine Terrace,449149
1 Rivervale Street,545088
210 Yishun Avenue 6,768960
20 Compassvale Link,544974
15 Yishun Avenue 4,769026
61 Sembawang Drive,757622
30 Northshore Drive,828671
71 Edgefield Plains,828716
48 Fidelio Street,458436
150 Compassvale Bow,544822
60 Pasir Ris Drive 1,519524
5 Pasir Ris Street 21,518968
298 Lorong Ah Soo,536741
16 Lorong 7 Toa Payoh,319320
7 Pei Wah Avenue,597610
15 Clementi Avenue 5,129857
651 Yishun Ring Road,768687
31 Jurong West Street 91,649037
21 Tampines Street 71,529067
30 Bukit Batok West Avenue 3,659163
52 Sumang Walk,828674
98 Punggol Walk,828772
61 Hougang Avenue 8,538787
9 Punggol Place,828845
50 West Coast Avenue,128104
5 Woodlands Street 81,738525
310 Margaret Dr,149303
1 Bukit Purmei Avenue,099840
21 Hillcrest Road,289072
350 Bedok North Avenue 3,469719
2 River Valley Green,237993
110 Woodlands Crescent,737803
80 Rivervale Drive,545092
21 Serangoon North Avenue 4,555855
6 Jurong West Street 52,649295
10 Sembawang Drive,757715
21 Compassvale Walk,545166
15 Fernvale Road,797636
8 Jurong West Street 51,649332
61 Woodlands Avenue 1,739067
190 Dunearn Road,309437
6 Choa Chu Kang Central,689762
71 Anchorvale Link,544799
2 Francis Thomas Drive,359337
1602 Bedok North Ave 4,469701
30 Bukit Batok St 32,659401
220 Lorong Chuan,556742
2 Tampines Ave 3,529706
3 Essex Road,309331
99 Wilkie Road,228091
20 Siglap View,455789
30 Tampines Avenue 9,529565
250 Tampines Street 12,529426
10 Seraya Road,437259
49 Marine Crescent,449761
1 Ang Mo Kio Street 32,569299
11 Teck Whye Walk,688261
50 Bedok Reservoir Rd,479239
501 Bedok South Ave 3,469300
3 Ang Mo Kio Ave 10,569730
21 Choa Chu Kang Crescent,688268
49 Punggol Central,828728
70 Punggol Drive,828802
10 Wellington Circle,757702
1 Jurong West St 72,649223
60 Bukit Panjang Ring Road,679946
31 Senja Road,677742
1 Jurong West Street 73,649188
2 Pasir Ris St 11,519075
2 Woodlands Drive 14,738079
10 Woodlands Drive 50,738853
11 Woodlands Ring Road,738240
45 Hougang Avenue 1,538882
5 Jurong West Street 91,649036
9 Hougang Avenue 8,538784
8 Yishun Street 21,768611
15 Serangoon Avenue 3,556108
10 Choa Chu Kang St 64,689100
1 Hougang Street 51,538720
500 Yishun Ring Road,768679
56 Bedok North St 3,469623
158 Jurong East Street 24,609558
3 Tampines Street 21,529393
51 Jalan Membina,169485
9 Fajar Road,679002
12 Serangoon Avenue 4,556095
31 Woodlands Crescent,737916
751 Yishun Avenue 7,768928
10 Ang Mo Kio Street 53,569206
6 Ang Mo Kio Street 22,569362
600 Upper Changi Road,487012
60 Barker Road,309919
121 Dover Road,139650
622 Upper Bukit Timah Road,678117
30 Cashew Road,679697
10 Jalan Bunga Rampai,538403
1 Toa Payoh North,318990
360 Bedok North Ave 3,469722
1 Jalan Langgar Bedok,468585
6 Bedok South Avenue 3,469293
1 St Wilfred Road,327919
11 Jurong West Street 65,648354
2 Lorong Napiri,547529
61 Dakota Crescent,399935
50 Bukit Batok West Ave 8,658962
10 Lengkok Bahru,159050
7 Choa Chu Kang Ave 4,689809
16 Bukit Batok Street 21,659633
51 Sembawang Drive,757699
9 Bishan Street 22,579767
1 Cedar Avenue,349692
23 Simei St 3,529894
346 Marine Terrace,449150
626 Lorong 1 Toa Payoh,319764
62 Sengkang East Way,548595
501 Ang Mo Kio Street 13,569405
160 Lower Delta Road,099138
20 Woodlands Drive 17,737924
31 Teck Whye Crescent,688848
50 Goodman Road,439012
11 Yishun Street 61,768547
10 Clementi Ave 3,129904
698 West Coast Road,608784
51 Compassvale Crescent,545083
357 Tanglin Road,247961
561 Jurong East Street 24,609561
4800 Bedok Reservoir Road,479229
1 Ang Mo Kio Street 42,569277
21 Bukit Batok West Avenue 2,659204
10 Tanjong Rhu Road,436895
21 Tampines Street 45,529093
30 Tampines Street 34,529231
36 Punggol Field,828814
11 Woodlands Street 83,738489
102 Dover Road,139649
21 Woodlands Avenue 1,739062
5 Jurong West Street 41,649410
1 Henderson Road,159561
2 Geylang East Central,389705
51 Edgedale Plains,828866
31 Gangsa Road,678972
8 Bishan Street 12,579807
9 Pasir Ris Drive 6,519421
10 Bukit Batok Street 52,659250
1191 Upper Serangoon Road,534786
2 Hougang Street 93,534256
60 Jurong West St 42,649371
661 Bukit Timah Road,269734
11 Tampines Street 84,528933
31 Yuan Ching Road,618652
61 Jurong West Street 65,648348
202 Jurong East Avenue 1,609790
33 Jurong West Street 91,649038
147 West Coast Road,127368
61 Choa Chu Kang Street 51,689333
10 Bishan Street 13,579795
12 Pasir Ris Street 11,519073
20 Ubi Avenue 1,408940
25 Mount Vernon Road,368051
12 Marsiling Road,739110
2 Ang Mo Kio Street 21,569384
31 Pasir Ris Street 51,518901
11 Blackmore Drive,599986
50 Hougang Avenue 8,538785
20 Anchorvale Link,545079
41 Clementi Avenue 1,129956
2 Linden Drive,288683
37 Hillcrest Road,288913
901 Yishun Ring Road,768689
1020 Dover Road,139657
1 Tampines Street 32,529283
11 Rivervale Link,545081
585 Yishun Ring Road,768692
3 Yishun Street 22,768578
151 Towner Road,327830
20 Clementi Avenue 1,129957
10 Yishun Street 81,768454
3 York Hill,168622
11 Pasir Ris Street 41,518934
390 Tampines Street 21,529400
296 Lor Ah Soo,536742
21 Fernvale Link,797702
10 Serangoon Avenue 4,556094
10 Sin Ming Walk,575566
5209 Ang Mo Kio Avenue 6,569845
51 Edgefield Plains,828870
1 Strathmore Road,148800
2A Margaret Drive,149295
2 Braddell Rise,318871
1 Raffles Institution Lane,575954
50 Choa Chu Kang North 5,689621
6 Boon Lay Avenue,649961
3 Woodlands Street 81,738524
1 Technology Drive,138572
1 Zubir Said Drive,227968
30 Sembawang Crescent,757704
10 Compassvale Lane,545090
21 Serangoon North Avenue 1,555889
11 Upper Serangoon View,534237
190 Dunearn Road,309437
1 Champions Way,737913
1 Woodlands Drive 64,737758
30 Tampines Avenue 8,529593
15 Francis Thomas Drive,359342
1600 Bedok North Avenue 4,469700
24 Serangoon Avenue 1,556140
11 Woodlands Circle,738907
10 Yishun Street 11,768643
100 Bright Hill Drive,579646
2A Prince Charles Crescent,159016
31 Anchorvale Drive,544969
19 Ang Mo Kio Ave 9,569785
20 Ang Mo Kio Avenue 3,569920
16 Winstedt Road,227988
50 Barker Road,309918
51 Tampines Street 61,528565
36 Bukit Panjang Ring Road,679944
1 Bedok South Ave 2,469317
91 Bendemeer Road,339948
91 Telok Blangah Heights,109100
20 Boon Lay Drive,649930
109 Cashew Road,679676
111 Lorong Kismis,598112
18 Bukit Batok Street 21,659634
21 Admiralty Drive,757714
1 Sallim Road,387621
1 Cantonment Close,088256
30 Pasir Ris St 41,518935
9 Bishan Street 22,579767
15 Cedar Avenue,349700
11 Simei St 3,529896
17 Martia Road,424821
1 Bukit Teresa Road,099757
2C Burghley Drive,558979
1257 Upper Serangoon Road,534793
4 Chestnut Drive,679287
628 Lorong 1 Toa Payoh,319765
501 Ang Mo Kio Street 13,569405
170 Yishun Avenue 6,768959
1 Tampines Street 21,529392
20 Choa Chu Kang Avenue 2,689905
8 Clementi Ave 3,129903
21 Compassvale St,545091
3 Choa Chu Kang Ave 4,689814
31 Jurong West Street 24,648347
52 Bedok Reservoir Crescent,479226
35 Bukit Batok Street 31,659441
11 Choa Chu Kang St 52,689285
31 Tampines St 33,529258
41 Edgefield Plains,828869
11 Pasir Ris Street 52,518866
10 Admiralty Link,757521
31 Woodlands Circle,738908
100 Dover Road,139648
2 Farrer Park Road,217567
307 Bedok North Road,469680
70 Fernvale Link,797538
1 Fernvale Lane,797701
7 Lorong 8 Toa Payoh,319252
20 Jurong West Street 61,648200
23 Woodlands Avenue 1,739063
65 Jurong East Street 13,609647
100 Redhill Close,158901
4 Geylang East Central,389706
1 Tampines Street 42,529176
50 Edgedale Plains,828848
11 Jelapang Road,677744
11 Woodlands  Dr  62,737942
51 Koon Seng Road,427072
1 Holland Grove Road,278790
5 Lorong Low Koon,536451
30 Towner Road,327829
61 Edgedale Plains,828819
1 Hougang St 93,534238
21 Yishun Avenue 11,768857
80 Woodlands Drive 17,737888
2 Yishun Street 71,768515
5 Ang Mo Kio St 52,569228
2 Tampines Street 91,528906
320 Jurong East Street 32,609476
30 Jurong West St 61,648368
90 Bukit Batok East Avenue 6,659762
15 Lorong 3 Toa Payoh,319580
350 Guillemard Road,399772
11 Choa Chu Kang Street 54,689189
8 Bishan Street 13,579793
161 Corporation Walk,618310
2 Bukit Batok Street 52,659243
10 Ubi Avenue 1,408931
25 Mount Vernon Road,368051
31 Woodlands Centre Road,738927
20 Marymount Road,297754
200 Ang Mo Kio Avenue 5,569878
21 Edgedale Plains,828867
20 Pasir Ris St 71,518798
11 Blackmore Drive,599986
52 Hougang Avenue 8,538786
50 Anchorvale Link,545080
30 Jalan Lempeng,128806
52 King's Road,268097
7 Yishun Ave 4,769028
300 Tanglin Halt Road,148812
344 Marine Terrace,449149
1 Rivervale Street,545088
210 Yishun Avenue 6,768960
20 Compassvale Link,544974
15 Yishun Avenue 4,769026
61 Sembawang Drive,757622
30 Northshore Drive,828671
71 Edgefield Plains,828716
48 Fidelio Street,458436
150 Compassvale Bow,544822
60 Pasir Ris Drive 1,519524
5 Pasir Ris Street 21,518968
298 Lorong Ah Soo,536741
16 Lorong 7 Toa Payoh,319320
7 Pei Wah Avenue,597610
15 Clementi Avenue 5,129857
651 Yishun Ring Road,768687
31 Jurong West Street 91,649037
21 Tampines Street 71,529067
30 Bukit Batok West Avenue 3,659163
52 Sumang Walk,828674
98 Punggol Walk,828772
61 Hougang Avenue 8,538787
9 Punggol Place,828845
50 West Coast Avenue,128104
5 Woodlands Street 81,738525
310 Margaret Dr,149303
1 Bukit Purmei Avenue,099840
21 Hillcrest Road,289072
350 Bedok North Avenue 3,469719
2 River Valley Green,237993
110 Woodlands Crescent,737803
80 Rivervale Drive,545092
21 Serangoon North Avenue 4,555855
6 Jurong West Street 52,649295
10 Sembawang Drive,757715
21 Compassvale Walk,545166
15 Fernvale Road,797636
8 Jurong West Street 51,649332
61 Woodlands Avenue 1,739067
190 Dunearn Road,309437
6 Choa Chu Kang Central,689762
71 Anchorvale Link,544799
2 Francis Thomas Drive,359337
1602 Bedok North Ave 4,469701
30 Bukit Batok St 32,659401
220 Lorong Chuan,556742
2 Tampines Ave 3,529706
3 Essex Road,309331
99 Wilkie Road,228091
20 Siglap View,455789
30 Tampines Avenue 9,529565
250 Tampines Street 12,529426
10 Seraya Road,437259
49 Marine Crescent,449761
1 Ang Mo Kio Street 32,569299
11 Teck Whye Walk,688261
50 Bedok Reservoir Rd,479239
501 Bedok South Ave 3,469300
3 Ang Mo Kio Ave 10,569730
21 Choa Chu Kang Crescent,688268
49 Punggol Central,828728
70 Punggol Drive,828802
10 Wellington Circle,757702
1 Jurong West St 72,649223
60 Bukit Panjang Ring Road,679946
31 Senja Road,677742
1 Jurong West Street 73,649188
2 Pasir Ris St 11,519075
2 Woodlands Drive 14,738079
10 Woodlands Drive 50,738853
11 Woodlands Ring Road,738240
45 Hougang Avenue 1,538882
5 Jurong West Street 91,649036
9 Hougang Avenue 8,538784
8 Yishun Street 21,768611
15 Serangoon Avenue 3,556108
10 Choa Chu Kang St 64,689100
1 Hougang Street 51,538720
500 Yishun Ring Road,768679
56 Bedok North St 3,469623
158 Jurong East Street 24,609558
3 Tampines Street 21,529393
51 Jalan Membina,169485
9 Fajar Road,679002
12 Serangoon Avenue 4,556095
31 Woodlands Crescent,737916
751 Yishun Avenue 7,768928
10 Ang Mo Kio Street 53,569206
6 Ang Mo Kio Street 22,569362
600 Upper Changi Road,487012
60 Barker Road,309919
121 Dover Road,139650
622 Upper Bukit Timah Road,678117
30 Cashew Road,679697
10 Jalan Bunga Rampai,538403
1 Toa Payoh North,318990
360 Bedok North Ave 3,469722
1 Jalan Langgar Bedok,468585
6 Bedok South Avenue 3,469293
1 St Wilfred Road,327919
11 Jurong West Street 65,648354
2 Lorong Napiri,547529
61 Dakota Crescent,399935
50 Bukit Batok West Ave 8,658962
10 Lengkok Bahru,159050
7 Choa Chu Kang Ave 4,689809
16 Bukit Batok Street 21,659633
51 Sembawang Drive,757699
9 Bishan Street 22,579767
1 Cedar Avenue,349692
23 Simei St 3,529894
346 Marine Terrace,449150
626 Lorong 1 Toa Payoh,319764
62 Sengkang East Way,548595
501 Ang Mo Kio Street 13,569405
160 Lower Delta Road,099138
20 Woodlands Drive 17,737924
31 Teck Whye Crescent,688848
50 Goodman Road,439012
11 Yishun Street 61,768547
10 Clementi Ave 3,129904
698 West Coast Road,608784
51 Compassvale Crescent,545083
357 Tanglin Road,247961
561 Jurong East Street 24,609561
4800 Bedok Reservoir Road,479229
1 Ang Mo Kio Street 42,569277
21 Bukit Batok West Avenue 2,659204
10 Tanjong Rhu Road,436895
21 Tampines Street 45,529093
30 Tampines Street 34,529231
36 Punggol Field,828814
11 Woodlands Street 83,738489
102 Dover Road,139649
21 Woodlands Avenue 1,739062
5 Jurong West Street 41,649410
1 Henderson Road,159561
2 Geylang East Central,389705
51 Edgedale Plains,828866
31 Gangsa Road,678972
8 Bishan Street 12,579807
9 Pasir Ris Drive 6,519421
10 Bukit Batok Street 52,659250
1191 Upper Serangoon Road,534786
2 Hougang Street 93,534256
60 Jurong West St 42,649371
661 Bukit Timah Road,269734
11 Tampines Street 84,528933
31 Yuan Ching Road,618652
61 Jurong West Street 65,648348
202 Jurong East Avenue 1,609790
33 Jurong West Street 91,649038
147 West Coast Road,127368
61 Choa Chu Kang Street 51,689333
10 Bishan Street 13,579795
12 Pasir Ris Street 11,519073
20 Ubi Avenue 1,408940
25 Mount Vernon Road,368051
12 Marsiling Road,739110
2 Ang Mo Kio Street 21,569384
31 Pasir Ris Street 51,518901
11 Blackmore Drive,599986
50 Hougang Avenue 8,538785
20 Anchorvale Link,545079
41 Clementi Avenue 1,129956
2 Linden Drive,288683
37 Hillcrest Road,288913
901 Yishun Ring Road,768689
1020 Dover Road,139657
1 Tampines Street 32,529283
11 Rivervale Link,545081
585 Yishun Ring Road,768692
3 Yishun Street 22,768578
151 Towner Road,327830
20 Clementi Avenue 1,129957
10 Yishun Street 81,768454
3 York Hill,168622
11 Pasir Ris Street 41,518934
390 Tampines Street 21,529400
296 Lor Ah Soo,536742
21 Fernvale Link,797702
10 Serangoon Avenue 4,556094
10 Sin Ming Walk,575566
5209 Ang Mo Kio Avenue 6,569845
51 Edgefield Plains,828870
1 Strathmore Road,148800
2A Margaret Drive,149295
2 Braddell Rise,318871
1 Raffles Institution Lane,575954
50 Choa Chu Kang North 5,689621
6 Boon Lay Avenue,649961
3 Woodlands Street 81,738524
1 Technology Drive,138572
1 Zubir Said Drive,227968
30 Sembawang Crescent,757704
10 Compassvale Lane,545090
21 Serangoon North Avenue 1,555889
11 Upper Serangoon View,534237
190 Dunearn Road,309437
1 Champions Way,737913
1 Woodlands Drive 64,737758
30 Tampines Avenue 8,529593
15 Francis Thomas Drive,359342
1600 Bedok North Avenue 4,469700
24 Serangoon Avenue 1,556140
2 Tampines Street 82,528986
38 Malcolm Road,308274
111 Farrer Road,259240
490 East Coast Road,429058
3 Bukit Batok Street 34,659322
252 Tampines St 12,529427
20 Dunman Lane,439272
130 Haig Road,438796
22 Bedok South Road,469278
600 Upper East Coast Road,465561
20 Choa Chu Kang Street 62,689143
2 Siglap Link,448880
61 Senja  Road,677737
11 Jurong West Street 25,648350
30 Bishan Street 24,579747
3 Woodlands Avenue 6,738990
10 Woodlands Ring Road,738239
11 Marsiling Road,739111
11 Hougang Avenue 8,538789
3063 Ang Mo Kio Avenue 5,569868
11 Woodlands Circle,738907
10 Yishun Street 11,768643
100 Bright Hill Drive,579646
2A Prince Charles Crescent,159016
31 Anchorvale Drive,544969
19 Ang Mo Kio Ave 9,569785
20 Ang Mo Kio Avenue 3,569920
16 Winstedt Road,227988
50 Barker Road,309918
51 Tampines Street 61,528565
36 Bukit Panjang Ring Road,679944
1 Bedok South Ave 2,469317
91 Bendemeer Road,339948
91 Telok Blangah Heights,109100
20 Boon Lay Drive,649930
109 Cashew Road,679676
111 Lorong Kismis,598112
18 Bukit Batok Street 21,659634
21 Admiralty Drive,757714
1 Sallim Road,387621
1 Cantonment Close,088256
30 Pasir Ris St 41,518935
9 Bishan Street 22,579767
15 Cedar Avenue,349700
11 Simei St 3,529896
17 Martia Road,424821
1 Bukit Teresa Road,099757
2C Burghley Drive,558979
1257 Upper Serangoon Road,534793
4 Chestnut Drive,679287
628 Lorong 1 Toa Payoh,319765
501 Ang Mo Kio Street 13,569405
170 Yishun Avenue 6,768959
1 Tampines Street 21,529392
20 Choa Chu Kang Avenue 2,689905
8 Clementi Ave 3,129903
21 Compassvale St,545091
3 Choa Chu Kang Ave 4,689814
31 Jurong West Street 24,648347
52 Bedok Reservoir Crescent,479226
35 Bukit Batok Street 31,659441
11 Choa Chu Kang St 52,689285
31 Tampines St 33,529258
41 Edgefield Plains,828869
11 Pasir Ris Street 52,518866
10 Admiralty Link,757521
31 Woodlands Circle,738908
100 Dover Road,139648
2 Farrer Park Road,217567
307 Bedok North Road,469680
70 Fernvale Link,797538
1 Fernvale Lane,797701
7 Lorong 8 Toa Payoh,319252
20 Jurong West Street 61,648200
23 Woodlands Avenue 1,739063
65 Jurong East Street 13,609647
100 Redhill Close,158901
4 Geylang East Central,389706
1 Tampines Street 42,529176
50 Edgedale Plains,828848
11 Jelapang Road,677744
11 Woodlands  Dr  62,737942
51 Koon Seng Road,427072
1 Holland Grove Road,278790
5 Lorong Low Koon,536451
30 Towner Road,327829
61 Edgedale Plains,828819
1 Hougang St 93,534238
21 Yishun Avenue 11,768857
80 Woodlands Drive 17,737888
2 Yishun Street 71,768515
5 Ang Mo Kio St 52,569228
2 Tampines Street 91,528906
320 Jurong East Street 32,609476
30 Jurong West St 61,648368
90 Bukit Batok East Avenue 6,659762
15 Lorong 3 Toa Payoh,319580
350 Guillemard Road,399772
11 Choa Chu Kang Street 54,689189
8 Bishan Street 13,579793
161 Corporation Walk,618310
2 Bukit Batok Street 52,659243
10 Ubi Avenue 1,408931
25 Mount Vernon Road,368051
31 Woodlands Centre Road,738927
20 Marymount Road,297754
200 Ang Mo Kio Avenue 5,569878
21 Edgedale Plains,828867
20 Pasir Ris St 71,518798
11 Blackmore Drive,599986
52 Hougang Avenue 8,538786
50 Anchorvale Link,545080
30 Jalan Lempeng,128806
52 King's Road,268097
7 Yishun Ave 4,769028
300 Tanglin Halt Road,148812
344 Marine Terrace,449149
1 Rivervale Street,545088
210 Yishun Avenue 6,768960
20 Compassvale Link,544974
15 Yishun Avenue 4,769026
61 Sembawang Drive,757622
30 Northshore Drive,828671
71 Edgefield Plains,828716
48 Fidelio Street,458436
150 Compassvale Bow,544822
60 Pasir Ris Drive 1,519524
5 Pasir Ris Street 21,518968
298 Lorong Ah Soo,536741
16 Lorong 7 Toa Payoh,319320
7 Pei Wah Avenue,597610
15 Clementi Avenue 5,129857
651 Yishun Ring Road,768687
31 Jurong West Street 91,649037
21 Tampines Street 71,529067
30 Bukit Batok West Avenue 3,659163
52 Sumang Walk,828674
98 Punggol Walk,828772
61 Hougang Avenue 8,538787
9 Punggol Place,828845
50 West Coast Avenue,128104
5 Woodlands Street 81,738525
310 Margaret Dr,149303
1 Bukit Purmei Avenue,099840
21 Hillcrest Road,289072
350 Bedok North Avenue 3,469719
2 River Valley Green,237993
110 Woodlands Crescent,737803
80 Rivervale Drive,545092
21 Serangoon North Avenue 4,555855
6 Jurong West Street 52,649295
10 Sembawang Drive,757715
21 Compassvale Walk,545166
15 Fernvale Road,797636
8 Jurong West Street 51,649332
61 Woodlands Avenue 1,739067
190 Dunearn Road,309437
6 Choa Chu Kang Central,689762
71 Anchorvale Link,544799
2 Francis Thomas Drive,359337
1602 Bedok North Ave 4,469701
30 Bukit Batok St 32,659401
220 Lorong Chuan,556742
2 Tampines Ave 3,529706
3 Essex Road,309331
99 Wilkie Road,228091
20 Siglap View,455789
30 Tampines Avenue 9,529565
250 Tampines Street 12,529426
10 Seraya Road,437259
49 Marine Crescent,449761
1 Ang Mo Kio Street 32,569299
11 Teck Whye Walk,688261
50 Bedok Reservoir Rd,479239
501 Bedok South Ave 3,469300
3 Ang Mo Kio Ave 10,569730
21 Choa Chu Kang Crescent,688268
49 Punggol Central,828728
70 Punggol Drive,828802
10 Wellington Circle,757702
1 Jurong West St 72,649223
60 Bukit Panjang Ring Road,679946
31 Senja Road,677742
1 Jurong West Street 73,649188
2 Pasir Ris St 11,519075
2 Woodlands Drive 14,738079
10 Woodlands Drive 50,738853
11 Woodlands Ring Road,738240
45 Hougang Avenue 1,538882
5 Jurong West Street 91,649036
9 Hougang Avenue 8,538784
8 Yishun Street 21,768611
15 Serangoon Avenue 3,556108
10 Choa Chu Kang St 64,689100
1 Hougang Street 51,538720
500 Yishun Ring Road,768679
56 Bedok North St 3,469623
158 Jurong East Street 24,609558
3 Tampines Street 21,529393
51 Jalan Membina,169485
9 Fajar Road,679002
12 Serangoon Avenue 4,556095
31 Woodlands Crescent,737916
751 Yishun Avenue 7,768928
10 Ang Mo Kio Street 53,569206
6 Ang Mo Kio Street 22,569362
600 Upper Changi Road,487012
60 Barker Road,309919
121 Dover Road,139650
622 Upper Bukit Timah Road,678117
30 Cashew Road,679697
10 Jalan Bunga Rampai,538403
1 Toa Payoh North,318990
360 Bedok North Ave 3,469722
1 Jalan Langgar Bedok,468585
6 Bedok South Avenue 3,469293
1 St Wilfred Road,327919
11 Jurong West Street 65,648354
2 Lorong Napiri,547529
61 Dakota Crescent,399935
50 Bukit Batok West Ave 8,658962
10 Lengkok Bahru,159050
7 Choa Chu Kang Ave 4,689809
16 Bukit Batok Street 21,659633
51 Sembawang Drive,757699
9 Bishan Street 22,579767
1 Cedar Avenue,349692
23 Simei St 3,529894
346 Marine Terrace,449150
626 Lorong 1 Toa Payoh,319764
62 Sengkang East Way,548595
501 Ang Mo Kio Street 13,569405
160 Lower Delta Road,099138
20 Woodlands Drive 17,737924
31 Teck Whye Crescent,688848
50 Goodman Road,439012
11 Yishun Street 61,768547
10 Clementi Ave 3,129904
698 West Coast Road,608784
51 Compassvale Crescent,545083
357 Tanglin Road,247961
561 Jurong East Street 24,609561
4800 Bedok Reservoir Road,479229
1 Ang Mo Kio Street 42,569277
21 Bukit Batok West Avenue 2,659204
10 Tanjong Rhu Road,436895
21 Tampines Street 45,529093
30 Tampines Street 34,529231
36 Punggol Field,828814
11 Woodlands Street 83,738489
102 Dover Road,139649
21 Woodlands Avenue 1,739062
5 Jurong West Street 41,649410
1 Henderson Road,159561
2 Geylang East Central,389705
51 Edgedale Plains,828866
31 Gangsa Road,678972
8 Bishan Street 12,579807
9 Pasir Ris Drive 6,519421
10 Bukit Batok Street 52,659250
1191 Upper Serangoon Road,534786
2 Hougang Street 93,534256
60 Jurong West St 42,649371
661 Bukit Timah Road,269734
11 Tampines Street 84,528933
31 Yuan Ching Road,618652
61 Jurong West Street 65,648348
202 Jurong East Avenue 1,609790
33 Jurong West Street 91,649038
147 West Coast Road,127368
61 Choa Chu Kang Street 51,689333
10 Bishan Street 13,579795
12 Pasir Ris Street 11,519073
20 Ubi Avenue 1,408940
25 Mount Vernon Road,368051
12 Marsiling Road,739110
2 Ang Mo Kio Street 21,569384
31 Pasir Ris Street 51,518901
11 Blackmore Drive,599986
50 Hougang Avenue 8,538785
20 Anchorvale Link,545079
41 Clementi Avenue 1,129956
2 Linden Drive,288683
37 Hillcrest Road,288913
901 Yishun Ring Road,768689
1020 Dover Road,139657
1 Tampines Street 32,529283
11 Rivervale Link,545081
585 Yishun Ring Road,768692
3 Yishun Street 22,768578
151 Towner Road,327830
20 Clementi Avenue 1,129957
10 Yishun Street 81,768454
3 York Hill,168622
11 Pasir Ris Street 41,518934
390 Tampines Street 21,529400
296 Lor Ah Soo,536742
21 Fernvale Link,797702
10 Serangoon Avenue 4,556094
10 Sin Ming Walk,575566
5209 Ang Mo Kio Avenue 6,569845
51 Edgefield Plains,828870
1 Strathmore Road,148800
2A Margaret Drive,149295
2 Braddell Rise,318871
1 Raffles Institution Lane,575954
50 Choa Chu Kang North 5,689621
6 Boon Lay Avenue,649961
3 Woodlands Street 81,738524
1 Technology Drive,138572
1 Zubir Said Drive,227968
30 Sembawang Crescent,757704
10 Compassvale Lane,545090
21 Serangoon North Avenue 1,555889
11 Upper Serangoon View,534237
190 Dunearn Road,309437
1 Champions Way,737913
1 Woodlands Drive 64,737758
30 Tampines Avenue 8,529593
15 Francis Thomas Drive,359342
1600 Bedok North Avenue 4,469700
24 Serangoon Avenue 1,556140
2 Tampines Street 82,528986
38 Malcolm Road,308274
111 Farrer Road,259240
490 East Coast Road,429058
3 Bukit Batok Street 34,659322
252 Tampines St 12,529427
20 Dunman Lane,439272
130 Haig Road,438796
22 Bedok South Road,469278
600 Upper East Coast Road,465561
20 Choa Chu Kang Street 62,689143
2 Siglap Link,448880
61 Senja  Road,677737
11 Jurong West Street 25,648350
30 Bishan Street 24,579747
3 Woodlands Avenue 6,738990
10 Woodlands Ring Road,738239
11 Marsiling Road,739111
11 Hougang Avenue 8,538789
3063 Ang Mo Kio Avenue 5,569868
4 Yishun Street 71,768516
6 Yishun Street 21,768610
103 Yuan Ching Road,618654
35 Jurong West Street 41,649406
8 Sumang Walk,828676
47 Hougang Avenue 1,538884
62 Bukit Panjang Ring Road,679962
13 Serangoon Avenue 3,556123
