sn,gender,fullname,email1,email2,salutation,birthday,mobile,phone2,fax,id,address1,address2,postcode,citizenship,nationality,company,company_id,deceased,marital,father_id,mother_id,spouse_id,sibling1_id,sibling2_id,sibling3_id,child1_id,child2_id,
1,M,Wong Ah Gong,afateley0@soup.io,,,12/5/1950,9264-2813,,,S500000001A,"45 Limau Garden ",,467905,singaporean,singapore,"Willms-Nitzsche Ptd Lte",lookup,y,married,,,S510000002A,,,,S8067292U,,
2,F,Wong Ah Ma,nkeppie1@topsy.com,,,2/2/1951,9234-7231,,,S510000002A,"46 Limau Garden ",,467905,singaporean,singapore,"Swaniawski-Rice Ptd Lte",lookup,y,married,,,S500000001A,,,,S8067292U,,
3,M,Ng Ah Gong,lmixer2@fotki.com,,,3/3/1953,8234-8895,,,S530000003A,"63 Jln Limau Nipis",,468312,singaporean,singapore,"Borer Mosciski and Raynor Ptd Lte",lookup,y,married,,,S540000004A,,,,S8076896G,,
4,F,Ng Ah Ma,kkezar3@hao123.com,,,4/4/1954,8244-7616,,,S540000004A,"63 Jln Limau Nipis",,468312,singaporean,singapore,"Graham Inc Ptd Lte",lookup,y,married,,,S530000003A,,,,S8076896G,,
5,F,Lim Ah Bu,vdahlback4@comcast.net,,,1/20/1980,8294-9258,,,S8067292U,"54 Limau Garden",,467913,singaporean,singapore,"Bogan LLC Ptd Lte",lookup,n,married,S500000001A,S510000002A,S7772517D,,,,S9464374J,S9000419Z,
6,F,Lim Xiao Shen,bgrahlmans5@ucla.edu,,,9/8/1980,8264-4420,,,S8076896G,"63 Jln Limau Nipis",,468312,singaporean,singapore,"Weimann Group Ptd Lte",lookup,n,married,S540000004A,S540000004A,S7816068A,,,,S9274095A,,
7,M,Lim Ah Gong,bbuckberry6@mail.ru,,,5/5/1955,9224-6110,,,S550000005A,"54 Limau Garden",,467913,singaporean,singapore,"Anderson Inc Ptd Lte",lookup,y,married,,,S560000006A,,,,S7772517D,S7816068A,
8,F,Lim Ah Ma,renderwick7@virginia.edu,,,6/6/1956,8274-4582,,,S560000006A,"54 Limau Garden",,467913,singaporean,singapore,"Jakubowski-Carter Ptd Lte",lookup,y,married,,,S550000005A,,,,S7772517D,S7816068A,
9,M,Lim Ah Pei,dluetchford8@barnesandnoble.com,,,5/25/1972,9234-3077,,,S7258085C,"54 Limau Garden",,467913,singaporean,singapore,"Bauch-Abernathy Ptd Lte",lookup,n,single,S550000005A,S560000006A,,S7772517D,S7816068A,,,,
10,M,Lim Lao Bei,lshepland9@mayoclinic.com,,,3/13/1977,8264-0450,,,S7772517D,"54 Limau Garden",,467913,singaporean,singapore,"Parisian Inc Ptd Lte",lookup,n,married,S550000005A,S560000006A,S8067292U,S7258085C,S7816068A,,S9464374J,S9000419Z,
11,M,Lim Xiao Shu,gburra@sbwire.com,,,4/13/1978,8204-5565,,,S7816068A,"63 Jln Limau Nipis",,468312,singaporean,singapore,"Adams-O'Keefe Ptd Lte",lookup,n,married,S550000005A,S560000006A,S8076896G,S7258085C,S7772517D,,S9274095A,,
12,F,Lim Dua Ji,echartresb@cloudflare.com,,,6/15/1990,8254-1853,,,S9000419Z,"54 Limau Garden",,467913,singaporean,singapore,"Bahringer Reichert and Toy Ptd Lte",lookup,n,single,S7772517D,S8067292U,,S9464374J,,,,,
13,M,Lim Xiao Zhan,tkobelc@miibeian.gov.cn,,,6/15/1994,9214-9467,,,S9464374J,"54 Limau Garden",,467913,singaporean,singapore,"Donnelly Purdy and Bogisich Ptd Lte",lookup,n,single,S7772517D,S8067292U,,S9000419Z,,,,,
14,M,Lim Xiao Ming,lkited@gravatar.com,,,5/30/1992,9214-5854,,,S9274095A,"63 Jln Limau Nipis",,468312,singaporean,singapore,"Spinka Terry and Turcotte Ptd Lte",lookup,n,single,S7816068A,S8076896G,,,,,,,
15,M,Dylan Wang He Di,oyakubovicse@ca.gov,,,5/13/1972,9274-5524,,,S9000992C,"16 Tanah Merah Kechil Ave",,465582,singaporean,singapore,"Labadie-O'Connell Ptd Lte",lookup,n,single,,,,,,,,,
16,M,Ren Jia Lun,tskeelf@thetimes.co.uk,,,9/10/1999,9244-4509,,,S8526798A,"94D Bedok North Ave 4 #05-12",,463094,singaporean,singapore,"Legros Group Ptd Lte",lookup,n,single,,,,,,,,,
17,M,Li Yi Feng,cboxerg@usgs.gov,,,8/13/2002,8224-1025,,,S9666877E,"61 Borthwick Dr",,559564,singaporean,singapore,"Hammes Ward and Bat Ptd Lte",lookup,n,single,,,,,,,,,
18,M,Zhang Xin Cheng,jbertouloumeh@issuu.com,,,4/28/1988,9244-0367,,,S9997194J,"69 Chiselhurst Grove",,558652,singaporean,singapore,"Towne-Sipes Ptd Lte",lookup,n,single,,,,,,,,,
19,M,Zhu Yi Long,lagglionei@bbb.org,,,11/18/1996,8284-6443,,,S8212862Z,"101 Cardiff Grove",,558961,singaporean,singapore,"Cole and Sons Ptd Lte",lookup,n,single,,,,,,,,,
20,M,Wang Yi Bo,dturleyj@miitbeian.gov.cn,,,8/5/1972,9284-1807,,,S7800256E,"65 Serangoon Garden Way",,555961,singaporean,singapore,"Lemke LLC",lookup,n,single,,,,,,,,,
21,M,Damon Chu,gmarymank@usnews.com,,,12/8/1977,9204-8162,,,S9600005A,"103 Yuan Ching Road",,618654,singaporean,singapore,"Veum LLC",lookup,n,single,,,,,,,,,
22,M,James Wu,bharbronl@scientificamerican.com,,,8/29/1976,9274-2538,,,S9700005B,"35 Jurong West Street 41",,649406,singaporean,singapore,"McDermott Group Ptd Lte",lookup,n,single,,,,,,,,,
23,M,Heng Choon Yee,rbendleym@squarespace.com,,,3/18/2004,9284-5485,,,S0400005C,"8 Sumang Walk",,828676,singaporean,singapore,"Schuppe-Heathcote Ptd Lte",lookup,n,single,,,,,,,,,
24,F,Yang Bing Bing,cboomn@sciencedaily.com,,,1981-11-11,9284-3517,,,S1830554P,"15 Cedar Avenue",,349700,Singaporean,Singapore,"",,n,Single,,,,,,,,,
25,M,Li Jun Jie,cgoodbodyo@cnn.com,,,1972-07-03,8254-0294,,,S0642057A,"11 Simei St 3",,529896,PR,Singapore,"",,n,Single,,,,,,,,,
26,M,Zhao Kun,afavelp@1und1.de,,,1957-10-14,8204-6214,,,S4957538G,"17 Martia Road",,424821,PR,Singapore,"",,n,Single,,,,,,,,,
27,M,Fan Kai Cheng,ysiveyerq@discuz.net,,,1989-07-03,8254-2367,,,S1979765Q,"1 Bukit Teresa Road",,099757,PR,Singapore,"",,n,Single,,,,,,,,,
28,M,Wang Ting Feng,dattkinsr@discuz.net,,,1960-04-04,8244-9191,,,S8613258Z,"2C Burghley Drive",,558979,Singaporean,Singapore,"",,n,Single,,,,,,,,,
29,F,Zhao Li,mchardins@pagesperso-orange.fr,,,1971-01-14,9234-4476,,,S1096221M,"1257 Upper Serangoon Road",,534793,Singaporean,Singapore,"",,n,Single,,,,,,,,,
30,M,Liu Yu Xi,gastmant@rakuten.co.jp,,,1954-04-19,9254-4359,,,S8965164K,"4 Chestnut Drive",,679287,PR,Singapore,"",,n,Single,,,,,,,,,
31,M,Wang Xue Yi,bpaffleyu@dyndns.org,,,1955-09-10,9244-1931,,,S0242357I,"628 Lorong 1 Toa Payoh",,319765,PR,Singapore,"",,n,Single,,,,,,,,,
32,F,Zheng Zi Feng,rblazhevichv@oaic.gov.au,,,2004-07-23,9264-2772,,,S8869933U,"501 Ang Mo Kio Street 13",,569405,PR,Singapore,"",,n,Single,,,,,,,,,
33,M,Tan Kun,mtrahmelw@cloudflare.com,,,1979-10-09,9254-5902,,,S9398179U,"170 Yishun Avenue 6",,768959,PR,Singapore,"",,n,Single,,,,,,,,,
34,M,Li Yang,jpennockx@epa.gov,,,1952-04-02,9214-3436,,,S4247159Y,"1 Tampines Street 21",,529392,PR,Singapore,"",,n,Single,,,,,,,,,
